Type,Key,DisplayName,SemanticCategory,Rank,IconResRef,SourcePath,Alignment
Item,allspice,Allspice,Utility,,iit_allspice,SWLOR_Haks/sw_item_source/general/allspice.png,
Item,anise,Anise,Utility,,iit_anise,SWLOR_Haks/sw_item_source/general/anise.png,
Item,aen_acc,Armor Enhancement - Accuracy,Utility,,iit_aen_acc,SWLOR_Haks/sw_item_source/general/aen_acc.png,
Item,aen_atk,Armor Enhancement - Attack,Utility,,iit_aen_atk,SWLOR_Haks/sw_item_source/general/aen_atk.png,
Item,aen_recast,Armor Enhancement - Combat Readiness,Utility,,iit_aen_recast,SWLOR_Haks/sw_item_source/general/aen_recast.png,
Item,aen_con_agr,Armor Enhancement - Control - Agriculture,Utility,,iit_aen_con_agr,SWLOR_Haks/sw_item_source/general/aen_con_agr.png,
Item,aen_con_eng,Armor Enhancement - Control - Engineering,Utility,,iit_aen_con_eng,SWLOR_Haks/sw_item_source/general/aen_con_eng.png,
Item,aen_con_fab,Armor Enhancement - Control - Fabrication,Utility,,iit_aen_con_fab,SWLOR_Haks/sw_item_source/general/aen_con_fab.png,
Item,aen_con_smth,Armor Enhancement - Control - Smithery,Utility,,iit_aen_con_smth,SWLOR_Haks/sw_item_source/general/aen_con_smth.png,
Item,aen_cft_agr,Armor Enhancement - Craftsmanship - Agriculture,Utility,,iit_aen_cft_agr,SWLOR_Haks/sw_item_source/general/aen_cft_agr.png,
Item,aen_cft_eng,Armor Enhancement - Craftsmanship - Engineering,Utility,,iit_aen_cft_eng,SWLOR_Haks/sw_item_source/general/aen_cft_eng.png,
Item,aen_cft_fab,Armor Enhancement - Craftsmanship - Fabrication,Utility,,iit_aen_cft_fab,SWLOR_Haks/sw_item_source/general/aen_cft_fab.png,
Item,aen_cft_smth,Armor Enhancement - Craftsmanship - Smithery,Utility,,iit_aen_cft_smth,SWLOR_Haks/sw_item_source/general/aen_cft_smth.png,
Item,aen_def_for,Armor Enhancement - Defense - Force,Utility,,iit_aen_def_for,SWLOR_Haks/sw_item_source/general/aen_def_for.png,
Item,aen_def_phy,Armor Enhancement - Defense - Physical,Utility,,iit_aen_def_phy,SWLOR_Haks/sw_item_source/general/aen_def_phy.png,
Item,aen_eva,Armor Enhancement - Evasion,Utility,,iit_aen_eva,SWLOR_Haks/sw_item_source/general/aen_eva.png,
Item,aen_fp,Armor Enhancement - FP,Utility,,iit_aen_fp,SWLOR_Haks/sw_item_source/general/aen_fp.png,
Item,aen_frcatk,Armor Enhancement - Force Attack,Utility,,iit_aen_frcatk,SWLOR_Haks/sw_item_source/general/aen_frcatk.png,
Item,aen_hp,Armor Enhancement - HP,Utility,,iit_aen_hp,SWLOR_Haks/sw_item_source/general/aen_hp.png,
Item,aen_res_dis,Armor Enhancement - Resistance - Disruption,Utility,,iit_aen_res_dis,SWLOR_Haks/sw_item_source/general/aen_res_dis.png,
Item,aen_def_elec,Armor Enhancement - Resistance - Electrical,Utility,,iit_aen_def_elec,SWLOR_Haks/sw_item_source/general/aen_def_elec.png,
Item,aen_def_fir,Armor Enhancement - Resistance - Fire,Utility,,iit_aen_def_fir,SWLOR_Haks/sw_item_source/general/aen_def_fir.png,
Item,aen_def_ice,Armor Enhancement - Resistance - Ice,Utility,,iit_aen_def_ice,SWLOR_Haks/sw_item_source/general/aen_def_ice.png,
Item,aen_res_mnd,Armor Enhancement - Resistance - Mind,Utility,,iit_aen_res_mnd,SWLOR_Haks/sw_item_source/general/aen_res_mnd.png,
Item,aen_res_mob,Armor Enhancement - Resistance - Mobility,Utility,,iit_aen_res_mob,SWLOR_Haks/sw_item_source/general/aen_res_mob.png,
Item,aen_def_psn,Armor Enhancement - Resistance - Poison,Utility,,iit_aen_def_psn,SWLOR_Haks/sw_item_source/general/aen_def_psn.png,
Item,aen_res_tra,Armor Enhancement - Resistance - Trauma,Utility,,iit_aen_res_tra,SWLOR_Haks/sw_item_source/general/aen_res_tra.png,
Item,aen_stm,Armor Enhancement - STM,Utility,,iit_aen_stm,SWLOR_Haks/sw_item_source/general/aen_stm.png,
Item,d_as_cpu,Assault CPU,Utility,,iit_d_as_cpu,SWLOR_Haks/sw_item_source/general/d_as_cpu.png,
Item,ore_barinium,Barinium Ore,Utility,,iit_ore_barinium,SWLOR_Haks/sw_item_source/general/ore_barinium.png,
Item,scanner_m_b,Basic Mineral Scanner,Utility,,iit_scanner_m_b,SWLOR_Haks/sw_item_source/general/scanner_m_b.png,
Item,beast_dna,Beast DNA,Utility,,iit_beast_dna,SWLOR_Haks/sw_item_source/general/beast_dna.png,
Item,d_bl_cpu,Blade CPU,Utility,,iit_d_bl_cpu,SWLOR_Haks/sw_item_source/general/d_bl_cpu.png,
Item,coonlank_blue,Blue Coonlank,Utility,,iit_cnlk_blue,SWLOR_Haks/sw_item_source/general/coonlank_blue.png,
Item,c_cluster_blue,Blue Crystal Cluster,Utility,,iit_c_clstr_blue,SWLOR_Haks/sw_item_source/general/c_cluster_blue.png,
Item,blueprint,Blueprint,Utility,,iit_blueprint,SWLOR_Haks/sw_item_source/general/blueprint.png,
Item,building,Building,Utility,,iit_building,SWLOR_Haks/sw_item_source/general/building.png,
Item,ca_unit,Caching Unit,Utility,,iit_ca_unit,SWLOR_Haks/sw_item_source/general/ca_unit.png,
Item,cayenne,Cayenne,Utility,,iit_cayenne,SWLOR_Haks/sw_item_source/general/cayenne.png,
Item,saber_upgchi,Chiro Lightsaber Upgrade Kit,Utility,,iit_saber_upgchi,SWLOR_Haks/sw_item_source/general/saber_upgchi.png,
Item,staff_upgchi,Chiro Saberstaff Upgrade Kit,Utility,,iit_staff_upgchi,SWLOR_Haks/sw_item_source/general/staff_upgchi.png,
Item,cinnamon,Cinnamon,Utility,,iit_cinnamon,SWLOR_Haks/sw_item_source/general/cinnamon.png,
Item,cloves,Cloves,Utility,,iit_cloves,SWLOR_Haks/sw_item_source/general/cloves.png,
Item,colicoid_cap_b,Colicoid Capacitor - Blue,Utility,,iit_colic_cap_b,SWLOR_Haks/sw_item_source/general/colicoid_cap_b.png,
Item,colicoid_cap_g,Colicoid Capacitor - Green,Utility,,iit_colic_cap_g,SWLOR_Haks/sw_item_source/general/colicoid_cap_g.png,
Item,colicoid_cap_r,Colicoid Capacitor - Red,Utility,,iit_colic_cap_r,SWLOR_Haks/sw_item_source/general/colicoid_cap_r.png,
Item,colicoid_cap_y,Colicoid Capacitor - Yellow,Utility,,iit_colic_cap_y,SWLOR_Haks/sw_item_source/general/colicoid_cap_y.png,
Item,computing,Computing Module,Utility,,iit_computing,SWLOR_Haks/sw_item_source/general/computing.png,
Item,const_parts,Construction Parts,Utility,,iit_const_parts,SWLOR_Haks/sw_item_source/general/const_parts.png,
Item,control_tower,Control Tower,Utility,,iit_ctrl_tower,SWLOR_Haks/sw_item_source/general/control_tower.png,
Item,c_unit,Control Unit,Utility,,iit_c_unit,SWLOR_Haks/sw_item_source/general/c_unit.png,
Item,cen_recast,Cooking Enhancement - Combat Readiness,Utility,,iit_cen_recast,SWLOR_Haks/sw_item_source/general/cen_recast.png,
Item,cen_dur,Cooking Enhancement - Duration,Utility,,iit_cen_dur,SWLOR_Haks/sw_item_source/general/cen_dur.png,
Item,cen_fp,Cooking Enhancement - FP,Utility,,iit_cen_fp,SWLOR_Haks/sw_item_source/general/cen_fp.png,
Item,cen_fpr,Cooking Enhancement - FP Regen,Utility,,iit_cen_fpr,SWLOR_Haks/sw_item_source/general/cen_fpr.png,
Item,cen_hp,Cooking Enhancement - HP,Utility,,iit_cen_hp,SWLOR_Haks/sw_item_source/general/cen_hp.png,
Item,cen_hpr,Cooking Enhancement - HP Regen,Utility,,iit_cen_hpr,SWLOR_Haks/sw_item_source/general/cen_hpr.png,
Item,cen_res_dis,Cooking Enhancement - Resistance - Disruption,Utility,,iit_cen_res_dis,SWLOR_Haks/sw_item_source/general/cen_res_dis.png,
Item,cen_res_elec,Cooking Enhancement - Resistance - Electrical,Utility,,iit_cen_res_elec,SWLOR_Haks/sw_item_source/general/cen_res_elec.png,
Item,cen_res_fir,Cooking Enhancement - Resistance - Fire,Utility,,iit_cen_res_fir,SWLOR_Haks/sw_item_source/general/cen_res_fir.png,
Item,cen_res_ice,Cooking Enhancement - Resistance - Ice,Utility,,iit_cen_res_ice,SWLOR_Haks/sw_item_source/general/cen_res_ice.png,
Item,cen_res_mnd,Cooking Enhancement - Resistance - Mind,Utility,,iit_cen_res_mnd,SWLOR_Haks/sw_item_source/general/cen_res_mnd.png,
Item,cen_res_mob,Cooking Enhancement - Resistance - Mobility,Utility,,iit_cen_res_mob,SWLOR_Haks/sw_item_source/general/cen_res_mob.png,
Item,cen_res_psn,Cooking Enhancement - Resistance - Poison,Utility,,iit_cen_res_psn,SWLOR_Haks/sw_item_source/general/cen_res_psn.png,
Item,cen_res_tra,Cooking Enhancement - Resistance - Trauma,Utility,,iit_cen_res_tra,SWLOR_Haks/sw_item_source/general/cen_res_tra.png,
Item,cen_rest,Cooking Enhancement - Rest Regen,Utility,,iit_cen_rest,SWLOR_Haks/sw_item_source/general/cen_rest.png,
Item,cen_stm,Cooking Enhancement - STM,Utility,,iit_cen_stm,SWLOR_Haks/sw_item_source/general/cen_stm.png,
Item,cen_stmr,Cooking Enhancement - STM Regen,Utility,,iit_cen_stmr,SWLOR_Haks/sw_item_source/general/cen_stmr.png,
Item,cen_xp,Cooking Enhancement - XP Bonus,Utility,,iit_cen_xp,SWLOR_Haks/sw_item_source/general/cen_xp.png,
Item,copplan_coolant,Copplan Coolant,Utility,,iit_copplan_cool,SWLOR_Haks/sw_item_source/general/copplan_coolant.png,
Item,coriander,Coriander,Utility,,iit_coriander,SWLOR_Haks/sw_item_source/general/coriander.png,
Item,const_parts_cox,Coxxion Construction Parts,Utility,,iit_coxparts,SWLOR_Haks/sw_item_source/general/const_parts_cox.png,
Item,cumin,Cumin,Utility,,iit_cumin,SWLOR_Haks/sw_item_source/general/cumin.png,
Item,ore_currian,Currian Ore,Utility,,iit_ore_currian,SWLOR_Haks/sw_item_source/general/ore_currian.png,
Item,dna_extractor,DNA Extractor,Utility,,iit_dnaextract,SWLOR_Haks/sw_item_source/general/dna_extractor.png,
Item,ls_parts_dest,Destroyed Lightsaber Parts,Utility,,iit_ls_prt_dest,SWLOR_Haks/sw_item_source/general/ls_parts_dest.png,
Item,diag_circuit,Diagnostic Circuit,Utility,,iit_diag_circuit,SWLOR_Haks/sw_item_source/general/diag_circuit.png,
Item,discharge_unit,Discharge Unit,Utility,,iit_dischrg_unit,SWLOR_Haks/sw_item_source/general/discharge_unit.png,
Item,drill,Drill,Utility,,iit_drill,SWLOR_Haks/sw_item_source/general/drill.png,
Item,d_brain,Droid Brain,Utility,,iit_d_brain,SWLOR_Haks/sw_item_source/general/d_brain.png,
Item,d_chassis,Droid Chassis,Utility,,iit_d_chassis,SWLOR_Haks/sw_item_source/general/d_chassis.png,
Item,de_res_dis,Droid Enhancement - Resistance - Disruption,Utility,,iit_de_res_dis,SWLOR_Haks/sw_item_source/general/de_res_dis.png,
Item,de_res_elec,Droid Enhancement - Resistance - Electrical,Utility,,iit_de_res_elec,SWLOR_Haks/sw_item_source/general/de_res_elec.png,
Item,de_res_fir,Droid Enhancement - Resistance - Fire,Utility,,iit_de_res_fir,SWLOR_Haks/sw_item_source/general/de_res_fir.png,
Item,de_res_ice,Droid Enhancement - Resistance - Ice,Utility,,iit_de_res_ice,SWLOR_Haks/sw_item_source/general/de_res_ice.png,
Item,de_res_mnd,Droid Enhancement - Resistance - Mind,Utility,,iit_de_res_mnd,SWLOR_Haks/sw_item_source/general/de_res_mnd.png,
Item,de_res_mob,Droid Enhancement - Resistance - Mobility,Utility,,iit_de_res_mob,SWLOR_Haks/sw_item_source/general/de_res_mob.png,
Item,de_res_psn,Droid Enhancement - Resistance - Poison,Utility,,iit_de_res_psn,SWLOR_Haks/sw_item_source/general/de_res_psn.png,
Item,de_res_tra,Droid Enhancement - Resistance - Trauma,Utility,,iit_de_res_tra,SWLOR_Haks/sw_item_source/general/de_res_tra.png,
Item,dmotive_sys,Droid Motive System,Utility,,iit_dmotive_sys,SWLOR_Haks/sw_item_source/general/dmotive_sys.png,
Item,dp_supply,Droid Power Supply,Utility,,iit_dp_supply,SWLOR_Haks/sw_item_source/general/dp_supply.png,
Item,d_sensor,Droid Sensor,Utility,,iit_d_sensor,SWLOR_Haks/sw_item_source/general/d_sensor.png,
Item,emitter,Emitter,Utility,,iit_emitter,SWLOR_Haks/sw_item_source/general/emitter.png,
Item,fennel_seed,Fennel Seed,Utility,,iit_fennel_seed,SWLOR_Haks/sw_item_source/general/fennel_seed.png,
Item,flame_ret,Flame Retardant,Utility,,iit_flame_ret,SWLOR_Haks/sw_item_source/general/flame_ret.png,
Item,f_armor_segment,Force Armor Segment,Utility,,iit_f_armor_seg,SWLOR_Haks/sw_item_source/general/f_armor_segment.png,
Item,ore_gostian,Gostian Ore,Utility,,iit_ore_gostian,SWLOR_Haks/sw_item_source/general/ore_gostian.png,
Item,coonlank_green,Green Coonlank,Utility,,iit_cnlk_grn,SWLOR_Haks/sw_item_source/general/coonlank_green.png,
Item,c_cluster_green,Green Crystal Cluster,Utility,,iit_c_clstr_grn,SWLOR_Haks/sw_item_source/general/c_cluster_green.png,
Item,h_armor_segment,Heavy Armor Segment,Utility,,iit_h_armor_seg,SWLOR_Haks/sw_item_source/general/h_armor_segment.png,
Item,d_hm_cpu,Heavy Martial CPU,Utility,,iit_d_hm_cpu,SWLOR_Haks/sw_item_source/general/d_hm_cpu.png,
Item,de_hvblade_b,Heavy Vibroblade Boost,Utility,,iit_de_hvblade_b,SWLOR_Haks/sw_item_source/general/de_hvblade_b.png,
Item,hollinium,Hollinium,Utility,,iit_hollinium,SWLOR_Haks/sw_item_source/general/hollinium.png,
Item,hydrolase_blue,Hydrolase Enzyme - Blue,Utility,,iit_hydrol_blue,SWLOR_Haks/sw_item_source/general/hydrolase_blue.png,
Item,hydrolase_orange,Hydrolase Enzyme - Orange,Utility,,iit_hydrolorng,SWLOR_Haks/sw_item_source/general/hydrolase_orange.png,
Item,hydrolase_purple,Hydrolase Enzyme - Purple,Utility,,iit_hydrolpurp,SWLOR_Haks/sw_item_source/general/hydrolase_purple.png,
Item,hydrolase_red,Hydrolase Enzyme - Red,Utility,,iit_hydrol_red,SWLOR_Haks/sw_item_source/general/hydrolase_red.png,
Item,hydrolase_white,Hydrolase Enzyme - White,Utility,,iit_hydrol_white,SWLOR_Haks/sw_item_source/general/hydrolase_white.png,
Item,ore_idailia,Idailia Ore,Utility,,iit_ore_idailia,SWLOR_Haks/sw_item_source/general/ore_idailia.png,
Item,imp_agrinium,Improved Agrinium,Utility,,iit_imp_agrinium,SWLOR_Haks/sw_item_source/general/imp_agrinium.png,
Item,imp_carvan,Improved Carvanium,Utility,,iit_imp_carvan,SWLOR_Haks/sw_item_source/general/imp_carvan.png,
Item,imp_cerama,Improved Ceramacrete,Utility,,iit_imp_cerama,SWLOR_Haks/sw_item_source/general/imp_cerama.png,
Item,imp_chaug,Improved Chaugaine,Utility,,iit_imp_chaug,SWLOR_Haks/sw_item_source/general/imp_chaug.png,
Item,imp_chromaf,Improved Chromafiber,Utility,,iit_imp_chromaf,SWLOR_Haks/sw_item_source/general/imp_chromaf.png,
Item,imp_cotton,Improved Cotton,Utility,,iit_imp_cotton,SWLOR_Haks/sw_item_source/general/imp_cotton.png,
Item,imp_desh,Improved Desh,Utility,,iit_imp_desh,SWLOR_Haks/sw_item_source/general/imp_desh.png,
Item,imp_diatium,Improved Diatium,Utility,,iit_imp_diatium,SWLOR_Haks/sw_item_source/general/imp_diatium.png,
Item,imp_duraf,Improved Durafiber,Utility,,iit_imp_duraf,SWLOR_Haks/sw_item_source/general/imp_duraf.png,
Item,imp_duranex,Improved Duranex,Utility,,iit_imp_duranex,SWLOR_Haks/sw_item_source/general/imp_duranex.png,
Item,imp_duranium,Improved Duranium,Utility,,iit_imp_duranium,SWLOR_Haks/sw_item_source/general/imp_duranium.png,
Item,imp_elastex,Improved Elastex,Utility,,iit_imp_elastex,SWLOR_Haks/sw_item_source/general/imp_elastex.png,
Item,imp_electrum,Improved Electrum,Utility,,iit_imp_electrum,SWLOR_Haks/sw_item_source/general/imp_electrum.png,
Item,imp_ferro,Improved Ferroceramic,Utility,,iit_imp_ferro,SWLOR_Haks/sw_item_source/general/imp_ferro.png,
Item,imp_ferroc,Improved Ferroconcrete,Utility,,iit_imp_ferroc,SWLOR_Haks/sw_item_source/general/imp_ferroc.png,
Item,imp_flex,Improved Flexsteel,Utility,,iit_imp_flex,SWLOR_Haks/sw_item_source/general/imp_flex.png,
Item,imp_gemweb,Improved Gemweb,Utility,,iit_imp_gemweb,SWLOR_Haks/sw_item_source/general/imp_gemweb.png,
Item,imp_ground,Improved Grounding,Utility,,iit_imp_ground,SWLOR_Haks/sw_item_source/general/imp_ground.png,
Item,imp_hemp,Improved Hemp,Utility,,iit_imp_hemp,SWLOR_Haks/sw_item_source/general/imp_hemp.png,
Item,imp_insul,Improved Insulation,Utility,,iit_imp_insul,SWLOR_Haks/sw_item_source/general/imp_insul.png,
Item,imp_kelsh,Improved Kelsh,Utility,,iit_imp_kelsh,SWLOR_Haks/sw_item_source/general/imp_kelsh.png,
Item,imp_lamina,Improved Laminasteel,Utility,,iit_imp_lamina,SWLOR_Haks/sw_item_source/general/imp_lamina.png,
Item,imp_linen,Improved Linen,Utility,,iit_imp_linen,SWLOR_Haks/sw_item_source/general/imp_linen.png,
Item,imp_lommite,Improved Lommite,Utility,,iit_imp_lommite,SWLOR_Haks/sw_item_source/general/imp_lommite.png,
Item,imp_melee,Improved Meleenium,Utility,,iit_imp_melee,SWLOR_Haks/sw_item_source/general/imp_melee.png,
Item,imp_molytex,Improved Molytex,Utility,,iit_imp_molytex,SWLOR_Haks/sw_item_source/general/imp_molytex.png,
Item,imp_neutro,Improved Neutronium,Utility,,iit_imp_neutro,SWLOR_Haks/sw_item_source/general/imp_neutro.png,
Item,imp_perma,Improved Permaplas,Utility,,iit_imp_perma,SWLOR_Haks/sw_item_source/general/imp_perma.png,
Item,imp_phrik,Improved Phrik,Utility,,iit_imp_phrik,SWLOR_Haks/sw_item_source/general/imp_phrik.png,
Item,imp_plasteel,Improved Plasteel,Utility,,iit_imp_plasteel,SWLOR_Haks/sw_item_source/general/imp_plasteel.png,
Item,imp_plastcr,Improved Plasticrete,Utility,,iit_imp_plastcr,SWLOR_Haks/sw_item_source/general/imp_plastcr.png,
Item,imp_poly,Improved Polyfiber,Utility,,iit_imp_poly,SWLOR_Haks/sw_item_source/general/imp_poly.png,
Item,imp_pourstone,Improved Pourstone,Utility,,iit_imppourstone,SWLOR_Haks/sw_item_source/general/imp_pourstone.png,
Item,imp_powsupp,Improved Power Supply,Utility,,iit_imp_powsupp,SWLOR_Haks/sw_item_source/general/imp_powsupp.png,
Item,imp_quadran,Improved Quadranium,Utility,,iit_imp_quadran,SWLOR_Haks/sw_item_source/general/imp_quadran.png,
Item,imp_resicrete,Improved Resicrete,Utility,,iit_impresicrete,SWLOR_Haks/sw_item_source/general/imp_resicrete.png,
Item,imp_scint,Improved Scintathread,Utility,,iit_imp_scint,SWLOR_Haks/sw_item_source/general/imp_scint.png,
Item,imp_sisal,Improved Sisal,Utility,,iit_imp_sisal,SWLOR_Haks/sw_item_source/general/imp_sisal.png,
Item,imp_steelcr,Improved Steelcrete,Utility,,iit_imp_steelcr,SWLOR_Haks/sw_item_source/general/imp_steelcr.png,
Item,imp_steelfab,Improved Steelfab,Utility,,iit_imp_steelfab,SWLOR_Haks/sw_item_source/general/imp_steelfab.png,
Item,imp_steelhide,Improved Steelhide,Utility,,iit_impsteelhide,SWLOR_Haks/sw_item_source/general/imp_steelhide.png,
Item,imp_stress,Improved Stresscrete,Utility,,iit_imp_stress,SWLOR_Haks/sw_item_source/general/imp_stress.png,
Item,imp_stplast,Improved Sturdiplast,Utility,,iit_imp_stplast,SWLOR_Haks/sw_item_source/general/imp_stplast.png,
Item,imp_synstone,Improved Synstone,Utility,,iit_imp_synstone,SWLOR_Haks/sw_item_source/general/imp_synstone.png,
Item,imp_syntha,Improved Synthatex,Utility,,iit_imp_syntha,SWLOR_Haks/sw_item_source/general/imp_syntha.png,
Item,imp_synthcl,Improved Synthcloth,Utility,,iit_imp_synthcl,SWLOR_Haks/sw_item_source/general/imp_synthcl.png,
Item,imp_synthmesh,Improved Synthmesh,Utility,,iit_impsynthmesh,SWLOR_Haks/sw_item_source/general/imp_synthmesh.png,
Item,imp_ultrachr,Improved Ultrachrome,Utility,,iit_imp_ultrachr,SWLOR_Haks/sw_item_source/general/imp_ultrachr.png,
Item,imp_zersium,Improved Zersium,Utility,,iit_imp_zersium,SWLOR_Haks/sw_item_source/general/imp_zersium.png,
Item,imp_zoosh,Improved Zoosha Fabric,Utility,,iit_imp_zoosh,SWLOR_Haks/sw_item_source/general/imp_zoosh.png,
Item,isomerase_blue,Isomerase Enzyme - Blue,Utility,,iit_isomer_blue,SWLOR_Haks/sw_item_source/general/isomerase_blue.png,
Item,isomerase_green,Isomerase Enzyme - Green,Utility,,iit_isomer_grn,SWLOR_Haks/sw_item_source/general/isomerase_green.png,
Item,isomerase_orange,Isomerase Enzyme - Orange,Utility,,iit_isomerorng,SWLOR_Haks/sw_item_source/general/isomerase_orange.png,
Item,isomerase_red,Isomerase Enzyme - Red,Utility,,iit_isomer_red,SWLOR_Haks/sw_item_source/general/isomerase_red.png,
Item,isomerase_yellow,Isomerase Enzyme - Yellow,Utility,,iit_isomer_ylw,SWLOR_Haks/sw_item_source/general/isomerase_yellow.png,
Item,d_jg_cpu,Jaguar CPU,Utility,,iit_d_jg_cpu,SWLOR_Haks/sw_item_source/general/d_jg_cpu.png,
Item,jankkly_coonlank,Jankkly Coonlank,Utility,,iit_jankkly_cnlk,SWLOR_Haks/sw_item_source/general/jankkly_coonlank.png,
Item,de_katar_b,Katar Boost,Utility,,iit_de_katar_b,SWLOR_Haks/sw_item_source/general/de_katar_b.png,
Item,p_crystal_red_qs,Krystalle's Finest Red Crystal,Utility,,iit_krystred,SWLOR_Haks/sw_item_source/general/p_crystal_red_qs.png,
Item,legacyreagent,Legacy crafting reagent,Utility,,iit_legacyreag,SWLOR_Haks/sw_item_source/general/legacyreagent.png,
Item,l_armor_segment,Light Armor Segment,Utility,,iit_l_armor_seg,SWLOR_Haks/sw_item_source/general/l_armor_segment.png,
Item,d_lm_cpu,Light Martial CPU,Utility,,iit_d_lm_cpu,SWLOR_Haks/sw_item_source/general/d_lm_cpu.png,
Item,de_lsab_b,Lightsaber Boost,Utility,,iit_de_lsab_b,SWLOR_Haks/sw_item_source/general/de_lsab_b.png,
Item,saber_upg,Lightsaber Upgrade Kit,Utility,,iit_saber_upg,SWLOR_Haks/sw_item_source/general/saber_upg.png,
Item,l_unit,Logic Unit,Utility,,iit_l_unit,SWLOR_Haks/sw_item_source/general/l_unit.png,
Item,lyase_black,Lyase Enzyme - Black,Utility,,iit_lyase_black,SWLOR_Haks/sw_item_source/general/lyase_black.png,
Item,lyase_blue,Lyase Enzyme - Blue,Utility,,iit_lyase_blue,SWLOR_Haks/sw_item_source/general/lyase_blue.png,
Item,lyase_green,Lyase Enzyme - Green,Utility,,iit_lyase_green,SWLOR_Haks/sw_item_source/general/lyase_green.png,
Item,lyase_orange,Lyase Enzyme - Orange,Utility,,iit_lyase_orange,SWLOR_Haks/sw_item_source/general/lyase_orange.png,
Item,lyase_red,Lyase Enzyme - Red,Utility,,iit_lyase_red,SWLOR_Haks/sw_item_source/general/lyase_red.png,
Item,mainframe,Mainframe,Utility,,iit_mainframe,SWLOR_Haks/sw_item_source/general/mainframe.png,
Item,m_blast_parts,Mandalorian Blaster Parts,Utility,,iit_m_blast_prt,SWLOR_Haks/sw_item_source/general/m_blast_parts.png,
Item,m_ls_parts,Mandalorian Electroblade Parts,Utility,,iit_m_ls_parts,SWLOR_Haks/sw_item_source/general/m_ls_parts.png,
Item,m_lvibro_parts,Mandalorian Large Vibroblade Parts,Utility,,iit_m_lvibro_prt,SWLOR_Haks/sw_item_source/general/m_lvibro_parts.png,
Item,m_plate,Mandalorian Plate,Utility,,iit_m_plate,SWLOR_Haks/sw_item_source/general/m_plate.png,
Item,m_plexiplate,Mandalorian Plexi-plate,Utility,,iit_m_plexiplate,SWLOR_Haks/sw_item_source/general/m_plexiplate.png,
Item,m_polearm_parts,Mandalorian Polearm Parts,Utility,,iit_mpoleparts,SWLOR_Haks/sw_item_source/general/m_polearm_parts.png,
Item,m_vibro_parts,Mandalorian Vibroblade Parts,Utility,,iit_m_vibro_prt,SWLOR_Haks/sw_item_source/general/m_vibro_parts.png,
Item,mass_prod_unit,Mass Production Unit,Utility,,iit_massprod,SWLOR_Haks/sw_item_source/general/mass_prod_unit.png,
Item,m_enhancer,Medical Enhancer,Utility,,iit_m_enhancer,SWLOR_Haks/sw_item_source/general/m_enhancer.png,
Item,de_memaug,Memory Augmentation,Utility,,iit_de_memaug,SWLOR_Haks/sw_item_source/general/de_memaug.png,
Item,de_mobboost,Mobility Boost,Utility,,iit_de_mobboost,SWLOR_Haks/sw_item_source/general/de_mobboost.png,
Item,de_neuboost,Neural Boost,Utility,,iit_de_neuboost,SWLOR_Haks/sw_item_source/general/de_neuboost.png,
Item,nickyln_stone,Nickyln Stone,Utility,,iit_nickyln,SWLOR_Haks/sw_item_source/general/nickyln_stone.png,
Item,de_ocfilt,Ocular Filter,Utility,,iit_de_ocfilt,SWLOR_Haks/sw_item_source/general/de_ocfilt.png,
Item,coonlank_orig,Origanan Coonlank,Utility,,iit_cnlk_orig,SWLOR_Haks/sw_item_source/general/coonlank_orig.png,
Item,paprika,Paprika,Utility,,iit_paprika,SWLOR_Haks/sw_item_source/general/paprika.png,
Item,de_pistol_b,Pistol Boost,Utility,,iit_de_pistol_b,SWLOR_Haks/sw_item_source/general/de_pistol_b.png,
Item,plexite_gem,Plexite Gemstone,Utility,,iit_plexite_gem,SWLOR_Haks/sw_item_source/general/plexite_gem.png,
Item,c_cluster_power,Power Crystal Cluster,Utility,,iit_powerclstr,SWLOR_Haks/sw_item_source/general/c_cluster_power.png,
Item,power_relay,Power Relay,Utility,,iit_power_relay,SWLOR_Haks/sw_item_source/general/power_relay.png,
Item,r_weapon_core,Projectile Weapon Core,Utility,,iit_projcore,SWLOR_Haks/sw_item_source/general/r_weapon_core.png,
Item,qion_enh_device,Qion Enhancement Device,Utility,,iit_qionenh,SWLOR_Haks/sw_item_source/general/qion_enh_device.png,
Item,coonlank_rainbow,Rainbow Coonlank,Utility,,iit_cnlk_rainbow,SWLOR_Haks/sw_item_source/general/coonlank_rainbow.png,
Item,rainbow_llelxxyn,Rainbow Llelxxyn,Utility,,iit_rainllel,SWLOR_Haks/sw_item_source/general/rainbow_llelxxyn.png,
Item,rainbow_moncclyn,Rainbow Moncclyn,Utility,,iit_rainmonc,SWLOR_Haks/sw_item_source/general/rainbow_moncclyn.png,
Item,rainbow_selcxyn,Rainbow Selcxyn,Utility,,iit_rain_selcxyn,SWLOR_Haks/sw_item_source/general/rainbow_selcxyn.png,
Item,rainbow_voncclyn,Rainbow Voncclyn,Utility,,iit_rainvonc,SWLOR_Haks/sw_item_source/general/rainbow_voncclyn.png,
Item,d_rn_cpu,Ranger CPU,Utility,,iit_d_rn_cpu,SWLOR_Haks/sw_item_source/general/d_rn_cpu.png,
Item,coonlank_red,Red Coonlank,Utility,,iit_coonlank_red,SWLOR_Haks/sw_item_source/general/coonlank_red.png,
Item,c_cluster_red,Red Crystal Cluster,Utility,,iit_c_clstr_red,SWLOR_Haks/sw_item_source/general/c_cluster_red.png,
Item,regvis_gem,Regvis Gemstone,Utility,,iit_regvis_gem,SWLOR_Haks/sw_item_source/general/regvis_gem.png,
Item,r_const_parts,Reinforced Construction Parts,Utility,,iit_r_const_prt,SWLOR_Haks/sw_item_source/general/r_const_parts.png,
Item,rpowerunit,Reinforced Power Supply Unit,Utility,,iit_rpowerunit,SWLOR_Haks/sw_item_source/general/rpowerunit.png,
Item,harvest_r,Resource Harvester,Utility,,iit_harvest_r,SWLOR_Haks/sw_item_source/general/harvest_r.png,
Item,scanner_r,Resource Scanner,Utility,,iit_scanner_r,SWLOR_Haks/sw_item_source/general/scanner_r.png,
Item,de_rifle_b,Rifle Boost,Utility,,iit_de_rifle_b,SWLOR_Haks/sw_item_source/general/de_rifle_b.png,
Item,ls_hilt,Saber Hilt,Utility,,iit_ls_hilt,SWLOR_Haks/sw_item_source/general/ls_hilt.png,
Item,de_sabst_b,Saberstaff Boost,Utility,,iit_de_sabst_b,SWLOR_Haks/sw_item_source/general/de_sabst_b.png,
Item,saberstaff_upg,Saberstaff Upgrade Kit,Utility,,iit_staffupg,SWLOR_Haks/sw_item_source/general/saberstaff_upg.png,
Item,ssscan,Scanning Array,Utility,,iit_ssscan,SWLOR_Haks/sw_item_source/general/ssscan.png,
Item,shaft,Shaft,Utility,,iit_shaft,SWLOR_Haks/sw_item_source/general/shaft.png,
Item,silo,Silo,Utility,,iit_silo,SWLOR_Haks/sw_item_source/general/silo.png,
Item,de_socadapt,Social Adaptation,Utility,,iit_de_socadapt,SWLOR_Haks/sw_item_source/general/de_socadapt.png,
Item,elec_sogayn,Sogayn Electronics,Utility,,iit_elec_sogayn,SWLOR_Haks/sw_item_source/general/elec_sogayn.png,
Item,de_spear_b,Spear Boost,Utility,,iit_de_spear_b,SWLOR_Haks/sw_item_source/general/de_spear_b.png,
Item,de_staff_b,Staff Boost,Utility,,iit_de_staff_b,SWLOR_Haks/sw_item_source/general/de_staff_b.png,
Item,steel_rods,Steel Rods,Utility,,iit_steel_rods,SWLOR_Haks/sw_item_source/general/steel_rods.png,
Item,stronidium,Stronidium,Utility,,iit_stronidium,SWLOR_Haks/sw_item_source/general/stronidium.png,
Item,sten_sb,Structure Enhancement - Structure Bonus,Utility,,iit_sten_sb,SWLOR_Haks/sw_item_source/general/sten_sb.png,
Item,s_frame_large,Structure Frame,Utility,,iit_structframe,SWLOR_Haks/sw_item_source/general/s_frame_large.png,
Item,de_sturdiness,Sturdiness,Utility,,iit_desturdy,SWLOR_Haks/sw_item_source/general/de_sturdiness.png,
Item,sygium_gem,Sygium Gemstone,Utility,,iit_sygium_gem,SWLOR_Haks/sw_item_source/general/sygium_gem.png,
Item,de_throw_b,Throwing Boost,Utility,,iit_de_throw_b,SWLOR_Haks/sw_item_source/general/de_throw_b.png,
Item,ore_tilarium,Tilarium Ore,Utility,,iit_ore_tilarium,SWLOR_Haks/sw_item_source/general/ore_tilarium.png,
Item,torporand_juice,Torporand Juice,Utility,,iit_torpor_juice,SWLOR_Haks/sw_item_source/general/torporand_juice.png,
Item,turmeric,Turmeric,Utility,,iit_turmeric,SWLOR_Haks/sw_item_source/general/turmeric.png,
Item,turret,Turret,Utility,,iit_turret,SWLOR_Haks/sw_item_source/general/turret.png,
Item,const_parts_tsk,Tusken Construction Parts,Utility,,iit_tuskparts,SWLOR_Haks/sw_item_source/general/const_parts_tsk.png,
Item,tusk_highe,Tusken Electronics,Utility,,iit_tusk_highe,SWLOR_Haks/sw_item_source/general/tusk_highe.png,
Item,t_blast_parts,Tusken Raider Blaster Parts,Utility,,iit_t_blast_prt,SWLOR_Haks/sw_item_source/general/t_blast_parts.png,
Item,de_tblade_b,Twin Blade Boost,Utility,,iit_de_tblade_b,SWLOR_Haks/sw_item_source/general/de_tblade_b.png,
Item,vendusii_gem,Vendusii Gemstone,Utility,,iit_vendusii_gem,SWLOR_Haks/sw_item_source/general/vendusii_gem.png,
Item,de_verve,Verve,Utility,,iit_de_verve,SWLOR_Haks/sw_item_source/general/de_verve.png,
Item,de_vblade_b,Vibroblade Boost,Utility,,iit_de_vblade_b,SWLOR_Haks/sw_item_source/general/de_vblade_b.png,
Item,de_vknife_b,Vibroknife Boost,Utility,,iit_de_vknife_b,SWLOR_Haks/sw_item_source/general/de_vknife_b.png,
Item,v_power_cell,Volatile Power Cell,Utility,,iit_v_power_cell,SWLOR_Haks/sw_item_source/general/v_power_cell.png,
Item,wen_acc,Weapon Enhancement - Accuracy,Utility,,iit_wen_acc,SWLOR_Haks/sw_item_source/general/wen_acc.png,
Item,wen_atk,Weapon Enhancement - Attack Bonus,Utility,,iit_wen_atk,SWLOR_Haks/sw_item_source/general/wen_atk.png,
Item,wen_con_agr,Weapon Enhancement - Control - Agriculture,Utility,,iit_wen_con_agr,SWLOR_Haks/sw_item_source/general/wen_con_agr.png,
Item,wen_con_eng,Weapon Enhancement - Control - Engineering,Utility,,iit_wen_con_eng,SWLOR_Haks/sw_item_source/general/wen_con_eng.png,
Item,wen_con_fab,Weapon Enhancement - Control - Fabrication,Utility,,iit_wen_con_fab,SWLOR_Haks/sw_item_source/general/wen_con_fab.png,
Item,wen_con_smth,Weapon Enhancement - Control - Smithery,Utility,,iit_wen_con_smth,SWLOR_Haks/sw_item_source/general/wen_con_smth.png,
Item,wen_cft_agr,Weapon Enhancement - Craftsmanship - Agriculture,Utility,,iit_wen_cft_agr,SWLOR_Haks/sw_item_source/general/wen_cft_agr.png,
Item,wen_cft_eng,Weapon Enhancement - Craftsmanship - Engineering,Utility,,iit_wen_cft_eng,SWLOR_Haks/sw_item_source/general/wen_cft_eng.png,
Item,wen_cft_fab,Weapon Enhancement - Craftsmanship - Fabrication,Utility,,iit_wen_cft_fab,SWLOR_Haks/sw_item_source/general/wen_cft_fab.png,
Item,wen_cft_smth,Weapon Enhancement - Craftsmanship - Smithery,Utility,,iit_wen_cft_smth,SWLOR_Haks/sw_item_source/general/wen_cft_smth.png,
Item,wen_dmg_phy,Weapon Enhancement - DMG,Utility,,iit_wen_dmg_phy,SWLOR_Haks/sw_item_source/general/wen_dmg_phy.png,
Item,wen_dmg_elec,Weapon Enhancement - Electrical Damage,Utility,,iit_wen_dmg_elec,SWLOR_Haks/sw_item_source/general/wen_dmg_elec.png,
Item,wen_eva,Weapon Enhancement - Evasion,Utility,,iit_wen_eva,SWLOR_Haks/sw_item_source/general/wen_eva.png,
Item,wen_fp,Weapon Enhancement - FP,Utility,,iit_wen_fp,SWLOR_Haks/sw_item_source/general/wen_fp.png,
Item,wen_dmg_fir,Weapon Enhancement - Fire Damage,Utility,,iit_wen_dmg_fir,SWLOR_Haks/sw_item_source/general/wen_dmg_fir.png,
Item,wen_frcatk,Weapon Enhancement - Force Attack,Utility,,iit_wen_frcatk,SWLOR_Haks/sw_item_source/general/wen_frcatk.png,
Item,wen_dmg_for,Weapon Enhancement - Force Damage,Utility,,iit_wen_dmg_for,SWLOR_Haks/sw_item_source/general/wen_dmg_for.png,
Item,wen_hp,Weapon Enhancement - HP,Utility,,iit_wen_hp,SWLOR_Haks/sw_item_source/general/wen_hp.png,
Item,wen_dmg_ice,Weapon Enhancement - Ice Damage,Utility,,iit_wen_dmg_ice,SWLOR_Haks/sw_item_source/general/wen_dmg_ice.png,
Item,wen_dmg_psn,Weapon Enhancement - Poison Damage,Utility,,iit_wen_dmg_psn,SWLOR_Haks/sw_item_source/general/wen_dmg_psn.png,
Item,wen_stm,Weapon Enhancement - STM,Utility,,iit_wen_stm,SWLOR_Haks/sw_item_source/general/wen_stm.png,
Item,coonlank_yellow,Yellow Coonlank,Utility,,iit_cnlk_ylw,SWLOR_Haks/sw_item_source/general/coonlank_yellow.png,
Item,c_cluster_yellow,Yellow Crystal Cluster,Utility,,iit_c_clstr_ylw,SWLOR_Haks/sw_item_source/general/c_cluster_yellow.png,
