TrackerRow,Group,Perk,OriginalTestStatus,BibleTab,BibleRow,MetadataReview,CodePerk,AbilityEvidence,ReviewOutcome
2,Agriculture,Crop Management I,Not Testable,Agriculture,9,SKIP,,,"Not implemented in the Bible; metadata reviewed, no runtime implementation to certify."
3,Agriculture,Crop Management II,Not Testable,Agriculture,10,SKIP,,,"Not implemented in the Bible; metadata reviewed, no runtime implementation to certify."
4,Agriculture,Crop Management III,Not Testable,Agriculture,11,SKIP,,,"Not implemented in the Bible; metadata reviewed, no runtime implementation to certify."
5,Agriculture,Crop Management IV,Not Testable,Agriculture,12,SKIP,,,"Not implemented in the Bible; metadata reviewed, no runtime implementation to certify."
6,Agriculture,Crop Management V,Not Testable,Agriculture,13,SKIP,,,"Not implemented in the Bible; metadata reviewed, no runtime implementation to certify."
59,Beast Mastery,Blood Frenzy I,Retest,Beast Mastery,59,PASS,BeastBloodFrenzy/BeastDamage/Blood Frenzy rank 1,BeastBloodFrenzyTrait: no active ability definition,No additional mismatch identified in source review; see generated registry evidence and group validation in PerkTrackerReview.md.
62,Beast Mastery,Blood Frenzy II,Retest,Beast Mastery,62,PASS,BeastBloodFrenzy/BeastDamage/Blood Frenzy rank 2,-,No additional mismatch identified in source review; see generated registry evidence and group validation in PerkTrackerReview.md.
63,Beast Mastery,Execute Prey,Retest,Beast Mastery,63,PASS,ExecutePrey/BeastDamage/Execute Prey rank 1,ExecutePrey1: ExecutePreyAbilityDefinition.cs name='Execute Prey' level=1 skill=BeastMastery activation=Weapon FP=- STM=8 cast=0 cooldown=30,No additional mismatch identified in source review; see generated registry evidence and group validation in PerkTrackerReview.md.
64,Beast Mastery,Apex Bite,Retest,Beast Mastery,64,PASS,ApexBite/BeastDamage/Apex Bite rank 1,ApexBite1: ApexBiteAbilityDefinition.cs name='Apex Bite' level=1 skill=BeastMastery activation=Weapon FP=- STM=10 cast=0 cooldown=45,No additional mismatch identified in source review; see generated registry evidence and group validation in PerkTrackerReview.md.
65,Beast Mastery,Iron Hide I,Not Tested,Beast Mastery,67,PASS,IronHide/BeastTank/Iron Hide rank 1,IronHide1: IronHideAbilityDefinition.cs name='Iron Hide I' level=1 skill=BeastMastery activation=Casted FP=- STM=3 cast=0 cooldown=18,AI checks the active buff rank instead of repeatedly recasting an equal or stronger buff.
66,Beast Mastery,Anger I,Not Tested,Beast Mastery,68,PASS,Anger/BeastTank/Anger rank 1,Anger1: AngerAbilityDefinition.cs name='Anger I' level=1 skill=BeastMastery activation=Casted FP=- STM=3 cast=0 cooldown=12,No additional mismatch identified in source review; see generated registry evidence and group validation in PerkTrackerReview.md.
67,Beast Mastery,Focus Attention I,Not Tested,Beast Mastery,69,PASS,FocusAttention/BeastTank/Focus Attention rank 1,FocusAttentionTrait: no active ability definition,No additional mismatch identified in source review; see generated registry evidence and group validation in PerkTrackerReview.md.
68,Beast Mastery,Guarding Roar I,Not Tested,Beast Mastery,70,PASS,GuardingRoar/BeastTank/Guarding Roar rank 1,GuardingRoar1: GuardingRoarAbilityDefinition.cs name='Guarding Roar I' level=1 skill=BeastMastery activation=Casted FP=- STM=6 cast=0 cooldown=24,No additional mismatch identified in source review; see generated registry evidence and group validation in PerkTrackerReview.md.
69,Beast Mastery,Iron Hide II,Not Tested,Beast Mastery,71,PASS,IronHide/BeastTank/Iron Hide rank 2,IronHide2: IronHideAbilityDefinition.cs name='Iron Hide II' level=2 skill=BeastMastery activation=Casted FP=- STM=4 cast=0 cooldown=18,AI checks the active buff rank instead of repeatedly recasting an equal or stronger buff.
70,Beast Mastery,Intercept I,Not Tested,Beast Mastery,72,PASS,Intercept/BeastTank/Intercept rank 1,Intercept1: InterceptAbilityDefinition.cs name='Intercept I' level=1 skill=BeastMastery activation=Casted FP=- STM=6 cast=0 cooldown=24,No additional mismatch identified in source review; see generated registry evidence and group validation in PerkTrackerReview.md.
71,Beast Mastery,Focus Attention II,Not Tested,Beast Mastery,73,PASS,FocusAttention/BeastTank/Focus Attention rank 2,-,No additional mismatch identified in source review; see generated registry evidence and group validation in PerkTrackerReview.md.
72,Beast Mastery,Anger II,Not Tested,Beast Mastery,74,PASS,Anger/BeastTank/Anger rank 2,Anger2: AngerAbilityDefinition.cs name='Anger II' level=2 skill=BeastMastery activation=Casted FP=- STM=5 cast=0 cooldown=12,No additional mismatch identified in source review; see generated registry evidence and group validation in PerkTrackerReview.md.
73,Beast Mastery,Bodyguard's Resolve,Not Tested,Beast Mastery,75,PASS,BodyguardsResolve/BeastTank/Bodyguard's Resolve rank 1,BodyguardsResolveTrait: no active ability definition,No additional mismatch identified in source review; see generated registry evidence and group validation in PerkTrackerReview.md.
74,Beast Mastery,Guarding Roar II,Not Tested,Beast Mastery,76,PASS,GuardingRoar/BeastTank/Guarding Roar rank 2,GuardingRoar2: GuardingRoarAbilityDefinition.cs name='Guarding Roar II' level=2 skill=BeastMastery activation=Casted FP=- STM=8 cast=0 cooldown=24,No additional mismatch identified in source review; see generated registry evidence and group validation in PerkTrackerReview.md.
75,Beast Mastery,Iron Hide III,Not Tested,Beast Mastery,77,PASS,IronHide/BeastTank/Iron Hide rank 3,IronHide3: IronHideAbilityDefinition.cs name='Iron Hide III' level=3 skill=BeastMastery activation=Casted FP=- STM=6 cast=0 cooldown=18,AI checks the active buff rank instead of repeatedly recasting an equal or stronger buff.
76,Beast Mastery,Intercept II,Not Tested,Beast Mastery,78,PASS,Intercept/BeastTank/Intercept rank 2,Intercept2: InterceptAbilityDefinition.cs name='Intercept II' level=2 skill=BeastMastery activation=Casted FP=- STM=8 cast=0 cooldown=24,No additional mismatch identified in source review; see generated registry evidence and group validation in PerkTrackerReview.md.
77,Beast Mastery,Focus Attention III,Not Tested,Beast Mastery,79,PASS,FocusAttention/BeastTank/Focus Attention rank 3,-,No additional mismatch identified in source review; see generated registry evidence and group validation in PerkTrackerReview.md.
78,Beast Mastery,Rampart Hide,Not Tested,Beast Mastery,80,PASS,RampartHide/BeastTank/Rampart Hide rank 1,RampartHide1: RampartHideAbilityDefinition.cs name='Rampart Hide' level=1 skill=BeastMastery activation=Casted FP=- STM=9 cast=0 cooldown=45,No additional mismatch identified in source review; see generated registry evidence and group validation in PerkTrackerReview.md.
79,Beast Mastery,Guarding Roar III,Not Tested,Beast Mastery,81,PASS,GuardingRoar/BeastTank/Guarding Roar rank 3,GuardingRoar3: GuardingRoarAbilityDefinition.cs name='Guarding Roar III' level=3 skill=BeastMastery activation=Casted FP=- STM=10 cast=0 cooldown=24,No additional mismatch identified in source review; see generated registry evidence and group validation in PerkTrackerReview.md.
80,Beast Mastery,Last Guardian,Not Tested,Beast Mastery,82,PASS,LastGuardian/BeastTank/Last Guardian rank 1,LastGuardianTrait: no active ability definition,No additional mismatch identified in source review; see generated registry evidence and group validation in PerkTrackerReview.md.
81,Beast Mastery,Unbreakable Beast,Not Tested,Beast Mastery,83,PASS,UnbreakableBeast/BeastTank/Unbreakable Beast rank 1,UnbreakableBeast1: UnbreakableBeastAbilityDefinition.cs name='Unbreakable Beast' level=1 skill=BeastMastery activation=Casted FP=- STM=12 cast=0 cooldown=60,"Stat-driven knockdown, daze, and forced-movement immunity replaces overbroad Mind/Mobility resistance."
83,Beast Mastery,Bolster Attack I,Retest,Beast Mastery,87,PASS,BolsterAttack/BeastBalanced/Bolster Attack rank 1,BolsterAttack1: BolsterAttackAbilityDefinition.cs name='Bolster Attack I' level=1 skill=BeastMastery activation=Casted FP=- STM=3 cast=0 cooldown=18,No additional mismatch identified in source review; see generated registry evidence and group validation in PerkTrackerReview.md.
88,Beast Mastery,Bolster Attack II,Retest,Beast Mastery,92,PASS,BolsterAttack/BeastBalanced/Bolster Attack rank 2,BolsterAttack2: BolsterAttackAbilityDefinition.cs name='Bolster Attack II' level=2 skill=BeastMastery activation=Casted FP=- STM=4 cast=0 cooldown=18,No additional mismatch identified in source review; see generated registry evidence and group validation in PerkTrackerReview.md.
89,Beast Mastery,Coordinated Strike I,Retest,Beast Mastery,93,PASS,CoordinatedStrike/BeastBalanced/Coordinated Strike rank 1,CoordinatedStrike1: CoordinatedStrikeAbilityDefinition.cs name='Coordinated Strike I' level=1 skill=BeastMastery activation=Weapon FP=- STM=5 cast=0 cooldown=15,No additional mismatch identified in source review; see generated registry evidence and group validation in PerkTrackerReview.md.
94,Beast Mastery,Bolster Attack III,Retest,Beast Mastery,98,PASS,BolsterAttack/BeastBalanced/Bolster Attack rank 3,BolsterAttack3: BolsterAttackAbilityDefinition.cs name='Bolster Attack III' level=3 skill=BeastMastery activation=Casted FP=- STM=6 cast=0 cooldown=18,No additional mismatch identified in source review; see generated registry evidence and group validation in PerkTrackerReview.md.
95,Beast Mastery,Coordinated Strike II,Retest,Beast Mastery,99,PASS,CoordinatedStrike/BeastBalanced/Coordinated Strike rank 2,CoordinatedStrike2: CoordinatedStrikeAbilityDefinition.cs name='Coordinated Strike II' level=2 skill=BeastMastery activation=Weapon FP=- STM=7 cast=0 cooldown=15,No additional mismatch identified in source review; see generated registry evidence and group validation in PerkTrackerReview.md.
99,Beast Mastery,Poison Breath I,Not Tested,Beast Mastery,105,PASS,PoisonBreath/BeastBruiser/Poison Breath rank 1,PoisonBreath1: PoisonBreathAbilityDefinition.cs name='Poison Breath I' level=1 skill=BeastMastery activation=Casted FP=- STM=4 cast=0 cooldown=15,No additional mismatch identified in source review; see generated registry evidence and group validation in PerkTrackerReview.md.
100,Beast Mastery,Ice Breath I,Not Tested,Beast Mastery,106,PASS,IceBreath/BeastBruiser/Ice Breath rank 1,IceBreath1: IceBreathAbilityDefinition.cs name='Ice Breath I' level=1 skill=BeastMastery activation=Casted FP=- STM=4 cast=0 cooldown=15,No additional mismatch identified in source review; see generated registry evidence and group validation in PerkTrackerReview.md.
101,Beast Mastery,Crushing Slam I,Not Tested,Beast Mastery,107,PASS,CrushingSlam/BeastBruiser/Crushing Slam rank 1,CrushingSlam1: CrushingSlamAbilityDefinition.cs name='Crushing Slam I' level=1 skill=BeastMastery activation=Casted FP=- STM=5 cast=0 cooldown=24,No additional mismatch identified in source review; see generated registry evidence and group validation in PerkTrackerReview.md.
102,Beast Mastery,Endurance Link I,Not Tested,Beast Mastery,108,PASS,EnduranceLink/BeastBruiser/Endurance Link rank 1,EnduranceLinkTrait: no active ability definition,No additional mismatch identified in source review; see generated registry evidence and group validation in PerkTrackerReview.md.
103,Beast Mastery,Poison Breath II,Not Tested,Beast Mastery,109,PASS,PoisonBreath/BeastBruiser/Poison Breath rank 2,PoisonBreath2: PoisonBreathAbilityDefinition.cs name='Poison Breath II' level=2 skill=BeastMastery activation=Casted FP=- STM=5 cast=0 cooldown=15,No additional mismatch identified in source review; see generated registry evidence and group validation in PerkTrackerReview.md.
104,Beast Mastery,Venomous Hide I,Not Tested,Beast Mastery,110,PASS,VenomousHide/BeastBruiser/Venomous Hide rank 1,VenomousHideTrait: no active ability definition,No additional mismatch identified in source review; see generated registry evidence and group validation in PerkTrackerReview.md.
105,Beast Mastery,Ice Breath II,Not Tested,Beast Mastery,111,PASS,IceBreath/BeastBruiser/Ice Breath rank 2,IceBreath2: IceBreathAbilityDefinition.cs name='Ice Breath II' level=2 skill=BeastMastery activation=Casted FP=- STM=5 cast=0 cooldown=15,No additional mismatch identified in source review; see generated registry evidence and group validation in PerkTrackerReview.md.
106,Beast Mastery,Crushing Slam II,Not Tested,Beast Mastery,112,PASS,CrushingSlam/BeastBruiser/Crushing Slam rank 2,CrushingSlam2: CrushingSlamAbilityDefinition.cs name='Crushing Slam II' level=2 skill=BeastMastery activation=Casted FP=- STM=7 cast=0 cooldown=24,No additional mismatch identified in source review; see generated registry evidence and group validation in PerkTrackerReview.md.
107,Beast Mastery,Endurance Link II,Not Tested,Beast Mastery,113,PASS,EnduranceLink/BeastBruiser/Endurance Link rank 2,-,No additional mismatch identified in source review; see generated registry evidence and group validation in PerkTrackerReview.md.
108,Beast Mastery,Rampage I,Not Tested,Beast Mastery,114,PASS,Rampage/BeastBruiser/Rampage rank 1,Rampage1: RampageAbilityDefinition.cs name='Rampage I' level=1 skill=BeastMastery activation=Casted FP=- STM=7 cast=0 cooldown=24,No additional mismatch identified in source review; see generated registry evidence and group validation in PerkTrackerReview.md.
109,Beast Mastery,Poison Breath III,Not Tested,Beast Mastery,115,PASS,PoisonBreath/BeastBruiser/Poison Breath rank 3,PoisonBreath3: PoisonBreathAbilityDefinition.cs name='Poison Breath III' level=3 skill=BeastMastery activation=Casted FP=- STM=7 cast=0 cooldown=15,No additional mismatch identified in source review; see generated registry evidence and group validation in PerkTrackerReview.md.
110,Beast Mastery,Venomous Hide II,Not Tested,Beast Mastery,116,PASS,VenomousHide/BeastBruiser/Venomous Hide rank 2,-,No additional mismatch identified in source review; see generated registry evidence and group validation in PerkTrackerReview.md.
111,Beast Mastery,Ice Breath III,Not Tested,Beast Mastery,117,PASS,IceBreath/BeastBruiser/Ice Breath rank 3,IceBreath3: IceBreathAbilityDefinition.cs name='Ice Breath III' level=3 skill=BeastMastery activation=Casted FP=- STM=7 cast=0 cooldown=15,No additional mismatch identified in source review; see generated registry evidence and group validation in PerkTrackerReview.md.
112,Beast Mastery,Crushing Slam III,Not Tested,Beast Mastery,118,PASS,CrushingSlam/BeastBruiser/Crushing Slam rank 3,CrushingSlam3: CrushingSlamAbilityDefinition.cs name='Crushing Slam III' level=3 skill=BeastMastery activation=Casted FP=- STM=9 cast=0 cooldown=24,No additional mismatch identified in source review; see generated registry evidence and group validation in PerkTrackerReview.md.
113,Beast Mastery,Endurance Link III,Not Tested,Beast Mastery,119,PASS,EnduranceLink/BeastBruiser/Endurance Link rank 3,-,No additional mismatch identified in source review; see generated registry evidence and group validation in PerkTrackerReview.md.
114,Beast Mastery,Rampage II,Not Tested,Beast Mastery,120,PASS,Rampage/BeastBruiser/Rampage rank 2,Rampage2: RampageAbilityDefinition.cs name='Rampage II' level=2 skill=BeastMastery activation=Casted FP=- STM=9 cast=0 cooldown=24,No additional mismatch identified in source review; see generated registry evidence and group validation in PerkTrackerReview.md.
115,Beast Mastery,Primal Overrun,Not Tested,Beast Mastery,121,PASS,PrimalOverrun/BeastBruiser/Primal Overrun rank 1,PrimalOverrun1: PrimalOverrunAbilityDefinition.cs name='Primal Overrun' level=1 skill=BeastMastery activation=Casted FP=- STM=12 cast=0 cooldown=45,No additional mismatch identified in source review; see generated registry evidence and group validation in PerkTrackerReview.md.
116,Beast Mastery,Evasive Maneuver I,Not Tested,Beast Mastery,124,PASS,EvasiveManeuver/BeastEvasion/Evasive Maneuver rank 1,EvasiveManeuver1: EvasiveManeuverAbilityDefinition.cs name='Evasive Maneuver I' level=1 skill=BeastMastery activation=Casted FP=- STM=3 cast=0 cooldown=18,AI checks the active buff rank instead of repeatedly recasting an equal or stronger buff.
117,Beast Mastery,Assault I,Not Tested,Beast Mastery,125,PASS,Assault/BeastEvasion/Assault rank 1,Assault1: AssaultAbilityDefinition.cs name='Assault I' level=1 skill=BeastMastery activation=Casted FP=- STM=3 cast=0 cooldown=10,No additional mismatch identified in source review; see generated registry evidence and group validation in PerkTrackerReview.md.
118,Beast Mastery,Distracting Feint I,Not Tested,Beast Mastery,126,PASS,DistractingFeint/BeastEvasion/Distracting Feint rank 1,DistractingFeint1: DistractingFeintAbilityDefinition.cs name='Distracting Feint I' level=1 skill=BeastMastery activation=Weapon FP=- STM=4 cast=0 cooldown=15,No additional mismatch identified in source review; see generated registry evidence and group validation in PerkTrackerReview.md.
119,Beast Mastery,Evasive Challenge I,Not Tested,Beast Mastery,127,PASS,EvasiveChallenge/BeastEvasion/Evasive Challenge rank 1,EvasiveChallenge1: EvasiveChallengeAbilityDefinition.cs name='Evasive Challenge I' level=1 skill=BeastMastery activation=Casted FP=- STM=5 cast=0 cooldown=30,Consume only the one-use stamina refund; retain evasion and original expiration.
120,Beast Mastery,Evasive Maneuver II,Not Tested,Beast Mastery,128,PASS,EvasiveManeuver/BeastEvasion/Evasive Maneuver rank 2,EvasiveManeuver2: EvasiveManeuverAbilityDefinition.cs name='Evasive Maneuver II' level=2 skill=BeastMastery activation=Casted FP=- STM=4 cast=0 cooldown=18,AI checks the active buff rank instead of repeatedly recasting an equal or stronger buff.
121,Beast Mastery,Sniff I,Not Tested,Beast Mastery,129,PASS,Sniff/BeastEvasion/Sniff rank 1,SniffTrait: no active ability definition,No additional mismatch identified in source review; see generated registry evidence and group validation in PerkTrackerReview.md.
122,Beast Mastery,Assault II,Not Tested,Beast Mastery,130,PASS,Assault/BeastEvasion/Assault rank 2,Assault2: AssaultAbilityDefinition.cs name='Assault II' level=2 skill=BeastMastery activation=Casted FP=- STM=5 cast=0 cooldown=10,No additional mismatch identified in source review; see generated registry evidence and group validation in PerkTrackerReview.md.
123,Beast Mastery,Distracting Feint II,Not Tested,Beast Mastery,131,PASS,DistractingFeint/BeastEvasion/Distracting Feint rank 2,DistractingFeint2: DistractingFeintAbilityDefinition.cs name='Distracting Feint II' level=2 skill=BeastMastery activation=Weapon FP=- STM=5 cast=0 cooldown=15,No additional mismatch identified in source review; see generated registry evidence and group validation in PerkTrackerReview.md.
124,Beast Mastery,Quick Recovery I,Not Tested,Beast Mastery,132,PASS,QuickRecovery/BeastEvasion/Quick Recovery rank 1,QuickRecoveryTrait: no active ability definition,No additional mismatch identified in source review; see generated registry evidence and group validation in PerkTrackerReview.md.
127,Beast Mastery,Sniff II,Not Tested,Beast Mastery,135,PASS,Sniff/BeastEvasion/Sniff rank 2,-,No additional mismatch identified in source review; see generated registry evidence and group validation in PerkTrackerReview.md.
130,Beast Mastery,Quick Recovery II,Not Tested,Beast Mastery,138,PASS,QuickRecovery/BeastEvasion/Quick Recovery rank 2,-,No additional mismatch identified in source review; see generated registry evidence and group validation in PerkTrackerReview.md.
131,Beast Mastery,Sniff III,Not Tested,Beast Mastery,139,PASS,Sniff/BeastEvasion/Sniff rank 3,-,No additional mismatch identified in source review; see generated registry evidence and group validation in PerkTrackerReview.md.
132,Beast Mastery,Untouchable Instinct,Not Tested,Beast Mastery,140,PASS,UntouchableInstinct/BeastEvasion/Untouchable Instinct rank 1,UntouchableInstinct1: UntouchableInstinctAbilityDefinition.cs name='Untouchable Instinct' level=1 skill=BeastMastery activation=Casted FP=- STM=10 cast=0 cooldown=45,No additional mismatch identified in source review; see generated registry evidence and group validation in PerkTrackerReview.md.
133,Beast Mastery,Force Touch I,Not Tested,Beast Mastery,143,PASS,ForceTouch/BeastForce/Force Touch rank 1,ForceTouch1: ForceTouchAbilityDefinition.cs name='Force Touch I' level=1 skill=BeastMastery activation=Casted FP=3 STM=- cast=0 cooldown=8,No additional mismatch identified in source review; see generated registry evidence and group validation in PerkTrackerReview.md.
134,Beast Mastery,Innervate I,Not Tested,Beast Mastery,144,PASS,Innervate/BeastForce/Innervate rank 1,Innervate1: InnervateAbilityDefinition.cs name='Innervate I' level=1 skill=BeastMastery activation=Casted FP=3 STM=- cast=0 cooldown=12,No additional mismatch identified in source review; see generated registry evidence and group validation in PerkTrackerReview.md.
135,Beast Mastery,Warding Howl I,Not Tested,Beast Mastery,145,PASS,WardingHowl/BeastForce/Warding Howl rank 1,WardingHowl1: WardingHowlAbilityDefinition.cs name='Warding Howl I' level=1 skill=BeastMastery activation=Casted FP=4 STM=- cast=0 cooldown=24,No additional mismatch identified in source review; see generated registry evidence and group validation in PerkTrackerReview.md.
136,Beast Mastery,Force Link I,Not Tested,Beast Mastery,146,PASS,ForceLink/BeastForce/Force Link rank 1,ForceLinkTrait: no active ability definition,No additional mismatch identified in source review; see generated registry evidence and group validation in PerkTrackerReview.md.
137,Beast Mastery,Force Touch II,Not Tested,Beast Mastery,147,PASS,ForceTouch/BeastForce/Force Touch rank 2,ForceTouch2: ForceTouchAbilityDefinition.cs name='Force Touch II' level=2 skill=BeastMastery activation=Casted FP=4 STM=- cast=0 cooldown=8,No additional mismatch identified in source review; see generated registry evidence and group validation in PerkTrackerReview.md.
138,Beast Mastery,Psychic Cry I,Not Tested,Beast Mastery,148,PASS,PsychicCry/BeastForce/Psychic Cry rank 1,PsychicCry1: PsychicCryAbilityDefinition.cs name='Psychic Cry I' level=1 skill=BeastMastery activation=Casted FP=5 STM=- cast=0 cooldown=24,No additional mismatch identified in source review; see generated registry evidence and group validation in PerkTrackerReview.md.
139,Beast Mastery,Innervate II,Not Tested,Beast Mastery,149,PASS,Innervate/BeastForce/Innervate rank 2,Innervate2: InnervateAbilityDefinition.cs name='Innervate II' level=2 skill=BeastMastery activation=Casted FP=4 STM=- cast=0 cooldown=12,No additional mismatch identified in source review; see generated registry evidence and group validation in PerkTrackerReview.md.
140,Beast Mastery,Warding Howl II,Not Tested,Beast Mastery,150,PASS,WardingHowl/BeastForce/Warding Howl rank 2,WardingHowl2: WardingHowlAbilityDefinition.cs name='Warding Howl II' level=2 skill=BeastMastery activation=Casted FP=5 STM=- cast=0 cooldown=24,No additional mismatch identified in source review; see generated registry evidence and group validation in PerkTrackerReview.md.
141,Beast Mastery,Force Link II,Not Tested,Beast Mastery,151,PASS,ForceLink/BeastForce/Force Link rank 2,-,No additional mismatch identified in source review; see generated registry evidence and group validation in PerkTrackerReview.md.
142,Beast Mastery,Force Touch III,Not Tested,Beast Mastery,152,PASS,ForceTouch/BeastForce/Force Touch rank 3,ForceTouch3: ForceTouchAbilityDefinition.cs name='Force Touch III' level=3 skill=BeastMastery activation=Casted FP=6 STM=- cast=0 cooldown=8,No additional mismatch identified in source review; see generated registry evidence and group validation in PerkTrackerReview.md.
143,Beast Mastery,Mindful Hide,Not Tested,Beast Mastery,153,PASS,MindfulHide/BeastForce/Mindful Hide rank 1,MindfulHideTrait: no active ability definition,No additional mismatch identified in source review; see generated registry evidence and group validation in PerkTrackerReview.md.
144,Beast Mastery,Psychic Cry II,Not Tested,Beast Mastery,154,PASS,PsychicCry/BeastForce/Psychic Cry rank 2,PsychicCry2: PsychicCryAbilityDefinition.cs name='Psychic Cry II' level=2 skill=BeastMastery activation=Casted FP=7 STM=- cast=0 cooldown=24,No additional mismatch identified in source review; see generated registry evidence and group validation in PerkTrackerReview.md.
145,Beast Mastery,Innervate III,Not Tested,Beast Mastery,155,PASS,Innervate/BeastForce/Innervate rank 3,Innervate3: InnervateAbilityDefinition.cs name='Innervate III' level=3 skill=BeastMastery activation=Casted FP=6 STM=- cast=0 cooldown=12,No additional mismatch identified in source review; see generated registry evidence and group validation in PerkTrackerReview.md.
146,Beast Mastery,Warding Howl III,Not Tested,Beast Mastery,156,PASS,WardingHowl/BeastForce/Warding Howl rank 3,WardingHowl3: WardingHowlAbilityDefinition.cs name='Warding Howl III' level=3 skill=BeastMastery activation=Casted FP=7 STM=- cast=0 cooldown=24,No additional mismatch identified in source review; see generated registry evidence and group validation in PerkTrackerReview.md.
147,Beast Mastery,Force Link III,Not Tested,Beast Mastery,157,PASS,ForceLink/BeastForce/Force Link rank 3,-,No additional mismatch identified in source review; see generated registry evidence and group validation in PerkTrackerReview.md.
148,Beast Mastery,Psychic Cry III,Not Tested,Beast Mastery,158,PASS,PsychicCry/BeastForce/Psychic Cry rank 3,PsychicCry3: PsychicCryAbilityDefinition.cs name='Psychic Cry III' level=3 skill=BeastMastery activation=Casted FP=8 STM=- cast=0 cooldown=24,No additional mismatch identified in source review; see generated registry evidence and group validation in PerkTrackerReview.md.
149,Beast Mastery,Force-Bonded Beast,Not Tested,Beast Mastery,159,PASS,ForceBondedBeast/BeastForce/Force-Bonded Beast rank 1,ForceBondedBeast1: ForceBondedBeastAbilityDefinition.cs name='Force-Bonded Beast' level=1 skill=BeastMastery activation=Casted FP=9 STM=- cast=0 cooldown=45,No additional mismatch identified in source review; see generated registry evidence and group validation in PerkTrackerReview.md.
218,Engineering,Droid Assembly I,Not Tested,Engineering,9,PASS,DroidAssembly/Engineering/Droid Assembly rank 1,DroidAssemblyTrait: no active ability definition,No additional mismatch identified in source review; see generated registry evidence and group validation in PerkTrackerReview.md.
219,Engineering,Droid Assembly II,Not Tested,Engineering,10,PASS,DroidAssembly/Engineering/Droid Assembly rank 2,-,No additional mismatch identified in source review; see generated registry evidence and group validation in PerkTrackerReview.md.
220,Engineering,Droid Assembly III,Not Tested,Engineering,11,PASS,DroidAssembly/Engineering/Droid Assembly rank 3,-,No additional mismatch identified in source review; see generated registry evidence and group validation in PerkTrackerReview.md.
221,Engineering,Droid Assembly IV,Not Tested,Engineering,12,PASS,DroidAssembly/Engineering/Droid Assembly rank 4,-,No additional mismatch identified in source review; see generated registry evidence and group validation in PerkTrackerReview.md.
222,Engineering,Droid Assembly V,Not Tested,Engineering,13,PASS,DroidAssembly/Engineering/Droid Assembly rank 5,-,No additional mismatch identified in source review; see generated registry evidence and group validation in PerkTrackerReview.md.
233,Espionage,Back Attack II,Not Tested,Espionage,21,PASS,BackAttack/EspionageInfiltrator/Back Attack rank 2,-,No additional mismatch identified in source review; see generated registry evidence and group validation in PerkTrackerReview.md.
235,Espionage,Shadow Step I,Retest,Espionage,23,PASS,ShadowStep/EspionageInfiltrator/Shadow Step rank 1,ShadowStep1: ShadowStepAbilityDefinition.cs name='Shadow Step I' level=1 skill=Espionage activation=Casted FP=- STM=10 cast=0 cooldown=24,No additional mismatch identified in source review; see generated registry evidence and group validation in PerkTrackerReview.md.
240,Espionage,Back Attack III,Not Tested,Espionage,28,PASS,BackAttack/EspionageInfiltrator/Back Attack rank 3,-,No additional mismatch identified in source review; see generated registry evidence and group validation in PerkTrackerReview.md.
243,Espionage,Shadow Step II,Retest,Espionage,31,PASS,ShadowStep/EspionageInfiltrator/Shadow Step rank 2,ShadowStep2: ShadowStepAbilityDefinition.cs name='Shadow Step II' level=2 skill=Espionage activation=Casted FP=- STM=14 cast=0 cooldown=24,No additional mismatch identified in source review; see generated registry evidence and group validation in PerkTrackerReview.md.
245,Espionage,Ghost Protocol,Retest,Espionage,33,PASS,GhostProtocol/EspionageInfiltrator/Ghost Protocol rank 1,GhostProtocol: GhostProtocolAbilityDefinition.cs name='Ghost Protocol' level=1 skill=Espionage activation=Casted FP=- STM=15 cast=0 cooldown=90,No additional mismatch identified in source review; see generated registry evidence and group validation in PerkTrackerReview.md.
246,Espionage,Poisoncraft I,Not Tested,Espionage,36,PASS,Poisoncraft/EspionageSaboteur/Poisoncraft rank 1,PoisoncraftTrait: no active ability definition,No additional mismatch identified in source review; see generated registry evidence and group validation in PerkTrackerReview.md.
247,Espionage,Trapcraft I,Not Tested,Espionage,37,PASS,Trapcraft/EspionageSaboteur/Trapcraft rank 1,TrapcraftTrait: no active ability definition,No additional mismatch identified in source review; see generated registry evidence and group validation in PerkTrackerReview.md.
248,Espionage,Venom Expertise I,Not Tested,Espionage,38,PASS,VenomExpertise/EspionageSaboteur/Venom Expertise rank 1,VenomExpertiseTrait: no active ability definition,No additional mismatch identified in source review; see generated registry evidence and group validation in PerkTrackerReview.md.
249,Espionage,Razor Trap I,Not Tested,Espionage,39,PASS,RazorTrap/EspionageSaboteur/Razor Trap rank 1,RazorTrap1: RazorTrapAbilityDefinition.cs name='Razor Trap I' level=1 skill=Espionage activation=Casted FP=- STM=5 cast=2 cooldown=12,No additional mismatch identified in source review; see generated registry evidence and group validation in PerkTrackerReview.md.
250,Espionage,Poisoncraft II,Not Tested,Espionage,40,PASS,Poisoncraft/EspionageSaboteur/Poisoncraft rank 2,-,No additional mismatch identified in source review; see generated registry evidence and group validation in PerkTrackerReview.md.
251,Espionage,Trapcraft II,Not Tested,Espionage,41,PASS,Trapcraft/EspionageSaboteur/Trapcraft rank 2,-,No additional mismatch identified in source review; see generated registry evidence and group validation in PerkTrackerReview.md.
252,Espionage,Trap Management I,Not Tested,Espionage,42,PASS,TrapManagement/EspionageSaboteur/Trap Management rank 1,TrapManagementTrait: no active ability definition,No additional mismatch identified in source review; see generated registry evidence and group validation in PerkTrackerReview.md.
253,Espionage,Shock Trap,Not Tested,Espionage,43,PASS,ShockTrap/EspionageSaboteur/Shock Trap rank 1,ShockTrap: ShockTrapAbilityDefinition.cs name='Shock Trap' level=1 skill=Espionage activation=Casted FP=- STM=6 cast=2 cooldown=18,No additional mismatch identified in source review; see generated registry evidence and group validation in PerkTrackerReview.md.
254,Espionage,Poisoncraft III,Not Tested,Espionage,44,PASS,Poisoncraft/EspionageSaboteur/Poisoncraft rank 3,-,No additional mismatch identified in source review; see generated registry evidence and group validation in PerkTrackerReview.md.
255,Espionage,Trapcraft III,Not Tested,Espionage,45,PASS,Trapcraft/EspionageSaboteur/Trapcraft rank 3,-,No additional mismatch identified in source review; see generated registry evidence and group validation in PerkTrackerReview.md.
256,Espionage,Lasting Coatings,Not Tested,Espionage,46,PASS,LastingCoatings/EspionageSaboteur/Lasting Coatings rank 1,LastingCoatingsTrait: no active ability definition,No additional mismatch identified in source review; see generated registry evidence and group validation in PerkTrackerReview.md.
257,Espionage,Venom Expertise II,Not Tested,Espionage,47,PASS,VenomExpertise/EspionageSaboteur/Venom Expertise rank 2,-,No additional mismatch identified in source review; see generated registry evidence and group validation in PerkTrackerReview.md.
258,Espionage,Razor Trap II,Not Tested,Espionage,48,PASS,RazorTrap/EspionageSaboteur/Razor Trap rank 2,RazorTrap2: RazorTrapAbilityDefinition.cs name='Razor Trap II' level=2 skill=Espionage activation=Casted FP=- STM=7 cast=2 cooldown=12,No additional mismatch identified in source review; see generated registry evidence and group validation in PerkTrackerReview.md.
259,Espionage,Poisoncraft IV,Not Tested,Espionage,49,PASS,Poisoncraft/EspionageSaboteur/Poisoncraft rank 4,-,No additional mismatch identified in source review; see generated registry evidence and group validation in PerkTrackerReview.md.
260,Espionage,Trap Management II,Not Tested,Espionage,50,PASS,TrapManagement/EspionageSaboteur/Trap Management rank 2,-,No additional mismatch identified in source review; see generated registry evidence and group validation in PerkTrackerReview.md.
261,Espionage,Trapcraft IV,Not Tested,Espionage,51,PASS,Trapcraft/EspionageSaboteur/Trapcraft rank 4,-,No additional mismatch identified in source review; see generated registry evidence and group validation in PerkTrackerReview.md.
262,Espionage,Poisoncraft V,Not Tested,Espionage,52,PASS,Poisoncraft/EspionageSaboteur/Poisoncraft rank 5,-,No additional mismatch identified in source review; see generated registry evidence and group validation in PerkTrackerReview.md.
263,Espionage,Master Saboteur,Not Tested,Espionage,53,PASS,MasterSaboteur/EspionageSaboteur/Master Saboteur rank 1,MasterSaboteurTrait: no active ability definition,No additional mismatch identified in source review; see generated registry evidence and group validation in PerkTrackerReview.md.
312,Force,Throw Lightsaber I,In Progress,Force,13,PASS,ThrowLightsaber/ForceAlter/Throw Lightsaber rank 1,ThrowLightsaber1: ThrowLightsaberAbilityDefinition.cs name='Throw Lightsaber I' level=1 skill=Force activation=Casted FP=2 STM=1 cast=1.5 cooldown=12,No additional mismatch identified in source review; see generated registry evidence and group validation in PerkTrackerReview.md.
315,Force,Creeping Terror II,Not Tested,Force,16,PASS,CreepingTerror/ForceAlter/Creeping Terror rank 2,CreepingTerror2: CreepingTerrorAbilityDefinition.cs name='Creeping Terror II' level=2 skill=Force activation=Casted FP=6 STM=- cast=1 cooldown=32,Retain cast identity across field ticks so Tempest Bloom pulses once per cast.
316,Force,Force Spark II,Not Tested,Force,17,PASS,ForceSpark/ForceAlter/Force Spark rank 2,ForceSpark2: ForceSparkAbilityDefinition.cs name='Force Spark II' level=2 skill=Force activation=Casted FP=4 STM=- cast=1 cooldown=6,No additional mismatch identified in source review; see generated registry evidence and group validation in PerkTrackerReview.md.
317,Force,Throw Rock II,Not Tested,Force,18,PASS,ThrowRock/ForceAlter/Throw Rock rank 2,ThrowRock2: ThrowRockAbilityDefinition.cs name='Throw Rock II' level=2 skill=Force activation=Casted FP=4 STM=- cast=1.5 cooldown=6,No additional mismatch identified in source review; see generated registry evidence and group validation in PerkTrackerReview.md.
318,Force,Force Choke II,Not Tested,Force,19,PASS,ForceChoke/ForceAlter/Force Choke rank 2,ForceChoke2: ForceChokeAbilityDefinition.cs name='Force Choke II' level=2 skill=Force activation=Casted FP=3 STM=- cast=1.5 cooldown=45,No additional mismatch identified in source review; see generated registry evidence and group validation in PerkTrackerReview.md.
322,Force,Devouring Strike,Not Tested,Force,23,PASS,DevouringStrike/ForceAlter/Devouring Strike rank 1,DevouringStrikeTrait: no active ability definition,No additional mismatch identified in source review; see generated registry evidence and group validation in PerkTrackerReview.md.
323,Force,Throw Lightsaber II,Not Tested,Force,24,PASS,ThrowLightsaber/ForceAlter/Throw Lightsaber rank 2,ThrowLightsaber2: ThrowLightsaberAbilityDefinition.cs name='Throw Lightsaber II' level=2 skill=Force activation=Casted FP=3 STM=1 cast=1.5 cooldown=12,No additional mismatch identified in source review; see generated registry evidence and group validation in PerkTrackerReview.md.
324,Force,Force Choke III,Not Tested,Force,25,PASS,ForceChoke/ForceAlter/Force Choke rank 3,ForceChoke3: ForceChokeAbilityDefinition.cs name='Force Choke III' level=3 skill=Force activation=Casted FP=4 STM=- cast=1.5 cooldown=45,No additional mismatch identified in source review; see generated registry evidence and group validation in PerkTrackerReview.md.
325,Force,Unstable Pressure,Not Tested,Force,27,PASS,UnstablePressure/ForceAlter/Unstable Pressure rank 1,UnstablePressureTrait: no active ability definition,No additional mismatch identified in source review; see generated registry evidence and group validation in PerkTrackerReview.md.
337,Force,Protective Presence,In Progress,Force,41,PASS,LightGuardianDeflectivePresence/ForceControl/Protective Presence rank 1,LightGuardianDeflectivePresenceTrait: no active ability definition,No additional mismatch identified in source review; see generated registry evidence and group validation in PerkTrackerReview.md.
340,Force,Serene Focus,Not Tested,Force,44,PASS,SereneFocus/ForceControl/Serene Focus rank 1,SereneFocusTrait: no active ability definition,No additional mismatch identified in source review; see generated registry evidence and group validation in PerkTrackerReview.md.
347,Force,Cruel Momentum,Not Tested,Force,51,PASS,CruelMomentum/ForceControl/Cruel Momentum rank 1,CruelMomentumTrait: no active ability definition,No additional mismatch identified in source review; see generated registry evidence and group validation in PerkTrackerReview.md.
355,Force,Harmonic Restoration,Not Tested,Force,59,PASS,HarmonicRestoration/ForceControl/Harmonic Restoration rank 1,HarmonicRestorationTrait: no active ability definition,No additional mismatch identified in source review; see generated registry evidence and group validation in PerkTrackerReview.md.
356,Force,Force Convergence,Not Tested,Force,60,PASS,ForceConvergence/ForceControl/Force Convergence rank 1,ForceConvergenceTrait: no active ability definition,No additional mismatch identified in source review; see generated registry evidence and group validation in PerkTrackerReview.md.
357,Force,Hunger of the Dark,Not Tested,Force,61,PASS,HungerOfTheDark/ForceControl/Hunger of the Dark rank 1,HungerOfTheDark1: HungerOfTheDarkAbilityDefinition.cs name='Hunger of the Dark' level=1 skill=Force activation=Casted FP=10 STM=- cast=0 cooldown=90,No additional mismatch identified in source review; see generated registry evidence and group validation in PerkTrackerReview.md.
358,Force,Weaken Resolve I,Not Tested,Force,64,PASS,WeakenResolve/ForceSense/Weaken Resolve rank 1,WeakenResolve1: WeakenResolveAbilityDefinition.cs name='Weaken Resolve I' level=1 skill=Force activation=Casted FP=3 STM=- cast=1 cooldown=12,No additional mismatch identified in source review; see generated registry evidence and group validation in PerkTrackerReview.md.
359,Force,Force Judgment I,Not Tested,Force,65,PASS,ForceJudgment/ForceSense/Force Judgment rank 1,ForceJudgment1: ForceJudgmentAbilityDefinition.cs name='Force Judgment I' level=1 skill=Force activation=Casted FP=2 STM=- cast=1.5 cooldown=12,No additional mismatch identified in source review; see generated registry evidence and group validation in PerkTrackerReview.md.
360,Force,Radiant Lance I,Not Tested,Force,66,PASS,RadiantLance/ForceSense/Radiant Lance rank 1,RadiantLance1: RadiantLanceAbilityDefinition.cs name='Radiant Lance I' level=1 skill=Force activation=Casted FP=4 STM=- cast=1.5 cooldown=15,No additional mismatch identified in source review; see generated registry evidence and group validation in PerkTrackerReview.md.
361,Force,Mind Trick I,Not Tested,Force,67,PASS,MindTrick/ForceSense/Mind Trick rank 1,MindTrick1: MindTrickAbilityDefinition.cs name='Mind Trick I' level=1 skill=Force activation=Casted FP=4 STM=- cast=1 cooldown=45,No additional mismatch identified in source review; see generated registry evidence and group validation in PerkTrackerReview.md.
362,Force,Courageous Resolve,Not Tested,Force,68,PASS,CourageousResolve/ForceSense/Courageous Resolve rank 1,CourageousResolveTrait: no active ability definition,No additional mismatch identified in source review; see generated registry evidence and group validation in PerkTrackerReview.md.
364,Force,Precognition,Not Tested,Force,70,PASS,Precognition/ForceSense/Precognition rank 1,PrecognitionTrait: no active ability definition,No additional mismatch identified in source review; see generated registry evidence and group validation in PerkTrackerReview.md.
365,Force,Force Judgment II,Not Tested,Force,71,PASS,ForceJudgment/ForceSense/Force Judgment rank 2,ForceJudgment2: ForceJudgmentAbilityDefinition.cs name='Force Judgment II' level=2 skill=Force activation=Casted FP=3 STM=- cast=1.5 cooldown=12,No additional mismatch identified in source review; see generated registry evidence and group validation in PerkTrackerReview.md.
367,Force,Force Intercept,Not Tested,Force,73,PASS,ForceIntercept/ForceSense/Force Intercept rank 1,ForceIntercept1: ForceInterceptAbilityDefinition.cs name='Force Intercept' level=1 skill=Force activation=Casted FP=5 STM=- cast=0 cooldown=24,No additional mismatch identified in source review; see generated registry evidence and group validation in PerkTrackerReview.md.
373,Force,Eclipse of Resolve,Not Tested,Force,79,PASS,EclipseOfResolve/ForceSense/Eclipse of Resolve rank 1,EclipseOfResolve1: EclipseOfResolveAbilityDefinition.cs name='Eclipse of Resolve' level=1 skill=Force activation=Casted FP=10 STM=- cast=1.5 cooldown=90,No additional mismatch identified in source review; see generated registry evidence and group validation in PerkTrackerReview.md.
409,Heavy Vibroblade,Flash,Retest,Heavy Vibroblade,12,PASS,Flash/HeavyVibrobladeDefense/Flash rank 1,Flash1: FlashAbilityDefinition.cs name='Flash' level=1 skill=HeavyVibroblade activation=Casted FP=- STM=8 cast=0 cooldown=45,No additional mismatch identified in source review; see generated registry evidence and group validation in PerkTrackerReview.md.
441,Heavy Vibroblade,Soul Ascension,Retest,Heavy Vibroblade,46,PASS,SoulAscension/HeavyVibrobladeOffense/Soul Ascension rank 1,SoulAscensionTrait: no active ability definition,No additional mismatch identified in source review; see generated registry evidence and group validation in PerkTrackerReview.md.
453,Katar,Tag In,Retest,Katar,20,PASS,TwinIntercept/KatarIronGuard/Tag In rank 1,TwinIntercept1: TagInAbilityDefinition.cs name='Tag In' level=1 skill=Katar activation=Casted FP=- STM=8 cast=0 cooldown=18,No additional mismatch identified in source review; see generated registry evidence and group validation in PerkTrackerReview.md.
459,Katar,Adamantine Guard,Retest,Katar,26,PASS,AdamantineGuard/KatarIronGuard/Adamantine Guard rank 1,AdamantineGuard1: AdamantineGuardAbilityDefinition.cs name='Adamantine Guard' level=1 skill=Katar activation=Casted FP=- STM=15 cast=1 cooldown=90,No additional mismatch identified in source review; see generated registry evidence and group validation in PerkTrackerReview.md.
466,Katar,Interrupting Sweep I,Retest,Katar,35,PASS,InterruptingSweep/KatarVenomCurrent/Interrupting Sweep rank 1,InterruptingSweep1: InterruptingSweepAbilityDefinition.cs name='Interrupting Sweep I' level=1 skill=Katar activation=Casted FP=- STM=6 cast=0 cooldown=30,No additional mismatch identified in source review; see generated registry evidence and group validation in PerkTrackerReview.md.
472,Katar,Interrupting Sweep II,Retest,Katar,41,PASS,InterruptingSweep/KatarVenomCurrent/Interrupting Sweep rank 2,InterruptingSweep2: InterruptingSweepAbilityDefinition.cs name='Interrupting Sweep II' level=2 skill=Katar activation=Casted FP=- STM=9 cast=0 cooldown=30,No additional mismatch identified in source review; see generated registry evidence and group validation in PerkTrackerReview.md.
473,Katar,Iron Grip,Retest,Katar,42,PASS,IronGrip/KatarVenomCurrent/Iron Grip rank 1,IronGripTrait: no active ability definition,No additional mismatch identified in source review; see generated registry evidence and group validation in PerkTrackerReview.md.
523,Lightsaber,Overpower I,Not Tested,Lightsaber,10,PASS,Overpower/LightsaberDefense/Overpower rank 1,OverpowerTrait: no active ability definition,No additional mismatch identified in source review; see generated registry evidence and group validation in PerkTrackerReview.md.
524,Lightsaber,Fast Strikes,Not Tested,Lightsaber,11,PASS,FastStrikes/LightsaberDefense/Fast Strikes rank 1,FastStrikesTrait: no active ability definition,No additional mismatch identified in source review; see generated registry evidence and group validation in PerkTrackerReview.md.
527,Lightsaber,Weak Points,Not Tested,Lightsaber,14,PASS,WeakPoints/LightsaberDefense/Weak Points rank 1,WeakPointsTrait: no active ability definition,No additional mismatch identified in source review; see generated registry evidence and group validation in PerkTrackerReview.md.
529,Lightsaber,Imbuement Stance,Not Tested,Lightsaber,16,PASS,ImbuementStance/LightsaberDefense/Imbuement Stance rank 1,ImbuementStance1: ImbuementStanceAbilityDefinition.cs name='Imbuement Stance' level=1 skill=Lightsaber activation=Casted FP=- STM=- cast=2 cooldown=30,No additional mismatch identified in source review; see generated registry evidence and group validation in PerkTrackerReview.md.
530,Lightsaber,Overpower II,Not Tested,Lightsaber,17,PASS,Overpower/LightsaberDefense/Overpower rank 2,-,No additional mismatch identified in source review; see generated registry evidence and group validation in PerkTrackerReview.md.
531,Lightsaber,High Ground,Not Tested,Lightsaber,18,PASS,HighGround/LightsaberDefense/High Ground rank 1,HighGroundTrait: no active ability definition,No additional mismatch identified in source review; see generated registry evidence and group validation in PerkTrackerReview.md.
535,Lightsaber,Focus Shift,Not Tested,Lightsaber,22,PASS,FocusShift/LightsaberDefense/Focus Shift rank 1,FocusShiftTrait: no active ability definition,No additional mismatch identified in source review; see generated registry evidence and group validation in PerkTrackerReview.md.
538,Lightsaber,Overpower III,Not Tested,Lightsaber,25,PASS,Overpower/LightsaberDefense/Overpower rank 3,-,No additional mismatch identified in source review; see generated registry evidence and group validation in PerkTrackerReview.md.
539,Lightsaber,Epicenter,Not Tested,Lightsaber,26,PASS,Epicenter/LightsaberDefense/Epicenter rank 1,Epicenter1: EpicenterAbilityDefinition.cs name='Epicenter' level=1 skill=Lightsaber activation=Casted FP=15 STM=10 cast=3 cooldown=90,No additional mismatch identified in source review; see generated registry evidence and group validation in PerkTrackerReview.md.
541,Lightsaber,Mental Fortress I,Not Tested,Lightsaber,30,PASS,MentalFortress/LightsaberOffense/Mental Fortress rank 1,MentalFortressTrait: no active ability definition,No additional mismatch identified in source review; see generated registry evidence and group validation in PerkTrackerReview.md.
542,Lightsaber,Deflecting Return I,Not Tested,Lightsaber,31,PASS,DeflectingReturn/LightsaberOffense/Deflecting Return rank 1,DeflectingReturnTrait: no active ability definition,No additional mismatch identified in source review; see generated registry evidence and group validation in PerkTrackerReview.md.
545,Lightsaber,"Surrounded, Not Outmatched",Not Tested,Lightsaber,34,PASS,"SurroundedNotOutmatched/LightsaberOffense/Surrounded, Not Outmatched rank 1",SurroundedNotOutmatchedTrait: no active ability definition,No additional mismatch identified in source review; see generated registry evidence and group validation in PerkTrackerReview.md.
546,Lightsaber,Force Link,Not Tested,Lightsaber,35,PASS,SaberForceLink/LightsaberOffense/Force Link rank 1,ForceLink1: ForceLinkAbilityDefinition.cs name='Force Link' level=1 skill=Lightsaber activation=Casted FP=3 STM=4 cast=0 cooldown=24,No additional mismatch identified in source review; see generated registry evidence and group validation in PerkTrackerReview.md.
547,Lightsaber,Immovable Stance,Not Tested,Lightsaber,36,PASS,ImmovableStance/LightsaberOffense/Immovable Stance rank 1,ImmovableStance1: ImmovableStanceAbilityDefinition.cs name='Immovable Stance' level=1 skill=Lightsaber activation=Casted FP=- STM=- cast=2 cooldown=30,No additional mismatch identified in source review; see generated registry evidence and group validation in PerkTrackerReview.md.
548,Lightsaber,Mental Fortress II,Not Tested,Lightsaber,37,PASS,MentalFortress/LightsaberOffense/Mental Fortress rank 2,-,No additional mismatch identified in source review; see generated registry evidence and group validation in PerkTrackerReview.md.
549,Lightsaber,Deflecting Return II,Not Tested,Lightsaber,38,PASS,DeflectingReturn/LightsaberOffense/Deflecting Return rank 2,-,No additional mismatch identified in source review; see generated registry evidence and group validation in PerkTrackerReview.md.
553,Lightsaber,Center of the Storm,Not Tested,Lightsaber,42,PASS,CenterOfTheStorm/LightsaberOffense/Center of the Storm rank 1,CenterOfTheStormTrait: no active ability definition,No additional mismatch identified in source review; see generated registry evidence and group validation in PerkTrackerReview.md.
556,Lightsaber,Deflecting Return III,Not Tested,Lightsaber,45,PASS,DeflectingReturn/LightsaberOffense/Deflecting Return rank 3,-,No additional mismatch identified in source review; see generated registry evidence and group validation in PerkTrackerReview.md.
557,Lightsaber,Aegis Eternal,Not Tested,Lightsaber,46,PASS,AegisEternal/LightsaberOffense/Aegis Eternal rank 1,AegisEternal1: AegisEternalAbilityDefinition.cs name='Aegis Eternal' level=1 skill=Lightsaber activation=Casted FP=8 STM=15 cast=2 cooldown=90,No additional mismatch identified in source review; see generated registry evidence and group validation in PerkTrackerReview.md.
567,Mimicry,Overclocked Analyzer,Not Tested,Mimicry,17,PASS,OverclockedAnalyzer/Mimicry/Overclocked Analyzer rank 1,Overload: OverclockedAnalyzerAbilityDefinition.cs name='Overclocked Analyzer' level=1 skill=Mimicry activation=Casted FP=- STM=10 cast=1 cooldown=60,No additional mismatch identified in source review; see generated registry evidence and group validation in PerkTrackerReview.md.
579,Mimicry,Concussive Challenge,Retest,Mimicry,30,PASS,ConcussiveChallengeTechnique/ConcussiveChallengeTechniqueAbilityDefinition/Mimicry rank 47,ConcussiveChallengeTechnique: ConcussiveChallengeTechniqueAbilityDefinition.cs name='Concussive Challenge' level=1 skill=Mimicry activation=Casted FP=- STM=5 cast=1 cooldown=18 mimicryRank=47 slots=2 trait=False stance=False,No additional mismatch identified in source review; see generated registry evidence and group validation in PerkTrackerReview.md.
585,Mimicry,Mauling Bite,Not Tested,Mimicry,36,PASS,MaulingBiteTechnique/MaulingBiteTechniqueAbilityDefinition/Mimicry rank 9,MaulingBiteTechnique: MaulingBiteTechniqueAbilityDefinition.cs name='Mauling Bite' level=1 skill=Mimicry activation=Invalid FP=- STM=- cast=0 cooldown=- mimicryRank=9 slots=2 trait=True stance=False,No additional mismatch identified in source review; see generated registry evidence and group validation in PerkTrackerReview.md.
587,Mimicry,Overload Shot,Not Tested,Mimicry,38,PASS,OverloadShotTechnique/OverloadShotTechniqueAbilityDefinition/Mimicry rank 17,OverloadShotTechnique: OverloadShotTechniqueAbilityDefinition.cs name='Overload Shot' level=1 skill=Mimicry activation=Invalid FP=- STM=- cast=0 cooldown=- mimicryRank=17 slots=2 trait=True stance=False,No additional mismatch identified in source review; see generated registry evidence and group validation in PerkTrackerReview.md.
588,Mimicry,Piercing Quills,Not Tested,Mimicry,39,PASS,PiercingQuillsTechnique/PiercingQuillsTechniqueAbilityDefinition/Mimicry rank 13,PiercingQuillsTechnique: PiercingQuillsTechniqueAbilityDefinition.cs name='Piercing Quills' level=1 skill=Mimicry activation=Casted FP=- STM=5 cast=1.6 cooldown=18 mimicryRank=13 slots=2 trait=False stance=False,No additional mismatch identified in source review; see generated registry evidence and group validation in PerkTrackerReview.md.
589,Mimicry,Pouncing Strike,Not Tested,Mimicry,40,PASS,PouncingStrikeTechnique/PouncingStrikeTechniqueAbilityDefinition/Mimicry rank 8,PouncingStrikeTechnique: PouncingStrikeTechniqueAbilityDefinition.cs name='Pouncing Strike' level=1 skill=Mimicry activation=Casted FP=- STM=5 cast=1.2 cooldown=15 mimicryRank=8 slots=2 trait=False stance=False,No additional mismatch identified in source review; see generated registry evidence and group validation in PerkTrackerReview.md.
591,Mimicry,Rending Carve,Not Tested,Mimicry,42,PASS,RendingCarveTechnique/RendingCarveTechniqueAbilityDefinition/Mimicry rank 43,RendingCarveTechnique: RendingCarveTechniqueAbilityDefinition.cs name='Rending Carve' level=1 skill=Mimicry activation=Invalid FP=- STM=- cast=0 cooldown=- mimicryRank=43 slots=2 trait=True stance=False,No additional mismatch identified in source review; see generated registry evidence and group validation in PerkTrackerReview.md.
592,Mimicry,Rime Pounce,Not Tested,Mimicry,43,PASS,RimePounceTechnique/RimePounceTechniqueAbilityDefinition/Mimicry rank 34,RimePounceTechnique: RimePounceTechniqueAbilityDefinition.cs name='Rime Pounce' level=1 skill=Mimicry activation=Invalid FP=- STM=- cast=0 cooldown=- mimicryRank=34 slots=2 trait=True stance=False,No additional mismatch identified in source review; see generated registry evidence and group validation in PerkTrackerReview.md.
593,Mimicry,Savage Roar,Not Tested,Mimicry,44,PASS,SavageRoarTechnique/SavageRoarTechniqueAbilityDefinition/Mimicry rank 22,SavageRoarTechnique: SavageRoarTechniqueAbilityDefinition.cs name='Savage Roar' level=1 skill=Mimicry activation=Casted FP=- STM=5 cast=1 cooldown=18 mimicryRank=22 slots=2 trait=False stance=False,No additional mismatch identified in source review; see generated registry evidence and group validation in PerkTrackerReview.md.
594,Mimicry,Serrated Slash,Not Tested,Mimicry,45,PASS,SerratedSlashTechnique/SerratedSlashTechniqueAbilityDefinition/Mimicry rank 30,SerratedSlashTechnique: SerratedSlashTechniqueAbilityDefinition.cs name='Serrated Slash' level=1 skill=Mimicry activation=Invalid FP=- STM=- cast=0 cooldown=- mimicryRank=30 slots=2 trait=True stance=False,No additional mismatch identified in source review; see generated registry evidence and group validation in PerkTrackerReview.md.
595,Mimicry,Sonic Shriek,Not Tested,Mimicry,46,PASS,SonicShriekTechnique/SonicShriekTechniqueAbilityDefinition/Mimicry rank 0,SonicShriekTechnique: SonicShriekTechniqueAbilityDefinition.cs name='Sonic Shriek' level=1 skill=Mimicry activation=Casted FP=- STM=5 cast=1.3 cooldown=18 mimicryRank=0 slots=2 trait=False stance=False,No additional mismatch identified in source review; see generated registry evidence and group validation in PerkTrackerReview.md.
596,Mimicry,Static Web,Not Tested,Mimicry,47,PASS,StaticWebTechnique/StaticWebTechniqueAbilityDefinition/Mimicry rank 1,StaticWebTechnique: StaticWebTechniqueAbilityDefinition.cs name='Static Web' level=1 skill=Mimicry activation=Casted FP=- STM=5 cast=1.4 cooldown=18 mimicryRank=1 slots=2 trait=False stance=False,No additional mismatch identified in source review; see generated registry evidence and group validation in PerkTrackerReview.md.
597,Mimicry,Suppressing Shot,Not Tested,Mimicry,48,PASS,SuppressingShotTechnique/SuppressingShotTechniqueAbilityDefinition/Mimicry rank 1,SuppressingShotTechnique: SuppressingShotTechniqueAbilityDefinition.cs name='Suppressing Shot' level=1 skill=Mimicry activation=Casted FP=- STM=5 cast=1.2 cooldown=18 mimicryRank=1 slots=2 trait=False stance=False,No additional mismatch identified in source review; see generated registry evidence and group validation in PerkTrackerReview.md.
598,Mimicry,Tactical Mark,Not Tested,Mimicry,49,PASS,TacticalMarkTechnique/TacticalMarkTechniqueAbilityDefinition/Mimicry rank 5,TacticalMarkTechnique: TacticalMarkTechniqueAbilityDefinition.cs name='Tactical Mark' level=1 skill=Mimicry activation=Invalid FP=- STM=- cast=0 cooldown=- mimicryRank=5 slots=2 trait=True stance=False,No additional mismatch identified in source review; see generated registry evidence and group validation in PerkTrackerReview.md.
599,Mimicry,Tail Sweep,Not Tested,Mimicry,50,PASS,TailSweepTechnique/TailSweepTechniqueAbilityDefinition/Mimicry rank 10,TailSweepTechnique: TailSweepTechniqueAbilityDefinition.cs name='Tail Sweep' level=1 skill=Mimicry activation=Casted FP=- STM=5 cast=1.4 cooldown=18 mimicryRank=10 slots=2 trait=False stance=False,No additional mismatch identified in source review; see generated registry evidence and group validation in PerkTrackerReview.md.
600,Mimicry,Venom Spray,Not Tested,Mimicry,51,PASS,VenomSprayTechnique/VenomSprayTechniqueAbilityDefinition/Mimicry rank 31,VenomSprayTechnique: VenomSprayTechniqueAbilityDefinition.cs name='Venom Spray' level=1 skill=Mimicry activation=Casted FP=- STM=5 cast=1.4 cooldown=18 mimicryRank=31 slots=2 trait=False stance=False,No additional mismatch identified in source review; see generated registry evidence and group validation in PerkTrackerReview.md.
601,Mimicry,Arc Pulse,Not Tested,Mimicry,52,PASS,ArcPulseTechnique/ArcPulseTechniqueAbilityDefinition/Mimicry rank 35,ArcPulseTechnique: ArcPulseTechniqueAbilityDefinition.cs name='Arc Pulse' level=1 skill=Mimicry activation=Casted FP=- STM=8 cast=1.3 cooldown=24 mimicryRank=35 slots=3 trait=False stance=False,No additional mismatch identified in source review; see generated registry evidence and group validation in PerkTrackerReview.md.
603,Mimicry,Brace Breaker,Not Tested,Mimicry,54,PASS,BraceBreakerTechnique/BraceBreakerTechniqueAbilityDefinition/Mimicry rank 41,BraceBreakerTechnique: BraceBreakerTechniqueAbilityDefinition.cs name='Brace Breaker' level=1 skill=Mimicry activation=Casted FP=- STM=7 cast=0.8 cooldown=18 mimicryRank=41 slots=2 trait=False stance=False,No additional mismatch identified in source review; see generated registry evidence and group validation in PerkTrackerReview.md.
604,Mimicry,Dark Shock,Not Tested,Mimicry,55,PASS,DarkShockTechnique/DarkShockTechniqueAbilityDefinition/Mimicry rank 37,DarkShockTechnique: DarkShockTechniqueAbilityDefinition.cs name='Dark Shock' level=1 skill=Mimicry activation=Casted FP=- STM=8 cast=1.5 cooldown=24 mimicryRank=37 slots=3 trait=False stance=False,No additional mismatch identified in source review; see generated registry evidence and group validation in PerkTrackerReview.md.
605,Mimicry,Disorienting Screech,Not Tested,Mimicry,56,PASS,DisorientingScreechTechnique/DisorientingScreechTechniqueAbilityDefinition/Mimicry rank 0,DisorientingScreechTechnique: DisorientingScreechTechniqueAbilityDefinition.cs name='Disorienting Screech' level=1 skill=Mimicry activation=Casted FP=- STM=8 cast=2 cooldown=24 mimicryRank=0 slots=3 trait=False stance=False,No additional mismatch identified in source review; see generated registry evidence and group validation in PerkTrackerReview.md.
606,Mimicry,Dread Wave,Not Tested,Mimicry,57,PASS,DreadWaveTechnique/DreadWaveTechniqueAbilityDefinition/Mimicry rank 38,DreadWaveTechnique: DreadWaveTechniqueAbilityDefinition.cs name='Dread Wave' level=1 skill=Mimicry activation=Casted FP=- STM=8 cast=1.2 cooldown=24 mimicryRank=38 slots=3 trait=False stance=False,No additional mismatch identified in source review; see generated registry evidence and group validation in PerkTrackerReview.md.
608,Mimicry,Force Sunder,Not Tested,Mimicry,59,PASS,ForceSunderTechnique/ForceSunderTechniqueAbilityDefinition/Mimicry rank 47,ForceSunderTechnique: ForceSunderTechniqueAbilityDefinition.cs name='Force Sunder' level=1 skill=Mimicry activation=Invalid FP=- STM=- cast=0 cooldown=- mimicryRank=47 slots=2 trait=True stance=False,No additional mismatch identified in source review; see generated registry evidence and group validation in PerkTrackerReview.md.
610,Mimicry,Grenade Burst,Not Tested,Mimicry,61,PASS,GrenadeBurstTechnique/GrenadeBurstTechniqueAbilityDefinition/Mimicry rank 12,GrenadeBurstTechnique: GrenadeBurstTechniqueAbilityDefinition.cs name='Grenade Burst' level=1 skill=Mimicry activation=Casted FP=- STM=8 cast=1.5 cooldown=24 mimicryRank=12 slots=3 trait=False stance=False,No additional mismatch identified in source review; see generated registry evidence and group validation in PerkTrackerReview.md.
611,Mimicry,Null Shock,Not Tested,Mimicry,62,PASS,NullShockTechnique/NullShockTechniqueAbilityDefinition/Mimicry rank 48,NullShockTechnique: NullShockTechniqueAbilityDefinition.cs name='Null Shock' level=1 skill=Mimicry activation=Casted FP=- STM=8 cast=1.5 cooldown=24 mimicryRank=48 slots=3 trait=False stance=False,No additional mismatch identified in source review; see generated registry evidence and group validation in PerkTrackerReview.md.
612,Mimicry,Opening Cut,Not Tested,Mimicry,63,PASS,OpeningCutTechnique/OpeningCutTechniqueAbilityDefinition/Mimicry rank 41,OpeningCutTechnique: OpeningCutTechniqueAbilityDefinition.cs name='Opening Cut' level=1 skill=Mimicry activation=Invalid FP=- STM=- cast=0 cooldown=- mimicryRank=41 slots=2 trait=True stance=False,No additional mismatch identified in source review; see generated registry evidence and group validation in PerkTrackerReview.md.
613,Mimicry,Pack Harrier,Not Tested,Mimicry,64,PASS,PackHarrierTechnique/PackHarrierTechniqueAbilityDefinition/Mimicry rank 42,PackHarrierTechnique: PackHarrierTechniqueAbilityDefinition.cs name='Pack Harrier' level=1 skill=Mimicry activation=Casted FP=- STM=7 cast=0.8 cooldown=18 mimicryRank=42 slots=2 trait=False stance=False,No additional mismatch identified in source review; see generated registry evidence and group validation in PerkTrackerReview.md.
614,Mimicry,Permafrost Rupture,Not Tested,Mimicry,65,PASS,PermafrostRuptureTechnique/PermafrostRuptureTechniqueAbilityDefinition/Mimicry rank 39,PermafrostRuptureTechnique: PermafrostRuptureTechniqueAbilityDefinition.cs name='Permafrost Rupture' level=1 skill=Mimicry activation=Casted FP=- STM=8 cast=2 cooldown=24 mimicryRank=39 slots=3 trait=False stance=False,No additional mismatch identified in source review; see generated registry evidence and group validation in PerkTrackerReview.md.
615,Mimicry,Rally Breaker,Not Tested,Mimicry,66,PASS,RallyBreakerTechnique/RallyBreakerTechniqueAbilityDefinition/Mimicry rank 42,RallyBreakerTechnique: RallyBreakerTechniqueAbilityDefinition.cs name='Rally Breaker' level=1 skill=Mimicry activation=Casted FP=- STM=7 cast=0.8 cooldown=18 mimicryRank=42 slots=2 trait=False stance=False,No additional mismatch identified in source review; see generated registry evidence and group validation in PerkTrackerReview.md.
617,Mimicry,Seismic Slam,Not Tested,Mimicry,68,PASS,SeismicSlamTechnique/SeismicSlamTechniqueAbilityDefinition/Mimicry rank 27,SeismicSlamTechnique: SeismicSlamTechniqueAbilityDefinition.cs name='Seismic Slam' level=1 skill=Mimicry activation=Casted FP=- STM=8 cast=2 cooldown=24 mimicryRank=27 slots=3 trait=False stance=False,No additional mismatch identified in source review; see generated registry evidence and group validation in PerkTrackerReview.md.
618,Mimicry,Shrapnel Burst,Not Tested,Mimicry,69,PASS,ShrapnelBurstTechnique/ShrapnelBurstTechniqueAbilityDefinition/Mimicry rank 16,ShrapnelBurstTechnique: ShrapnelBurstTechniqueAbilityDefinition.cs name='Shrapnel Burst' level=1 skill=Mimicry activation=Casted FP=- STM=8 cast=1.4 cooldown=24 mimicryRank=16 slots=3 trait=False stance=False,No additional mismatch identified in source review; see generated registry evidence and group validation in PerkTrackerReview.md.
619,Mimicry,Signal Snare,Not Tested,Mimicry,70,PASS,SignalSnareTechnique/SignalSnareTechniqueAbilityDefinition/Mimicry rank 41,SignalSnareTechnique: SignalSnareTechniqueAbilityDefinition.cs name='Signal Snare' level=1 skill=Mimicry activation=Casted FP=- STM=7 cast=0.8 cooldown=18 mimicryRank=41 slots=2 trait=False stance=False,No additional mismatch identified in source review; see generated registry evidence and group validation in PerkTrackerReview.md.
620,Mimicry,Static Burst,Not Tested,Mimicry,71,PASS,StaticBurstTechnique/StaticBurstTechniqueAbilityDefinition/Mimicry rank 43,StaticBurstTechnique: StaticBurstTechniqueAbilityDefinition.cs name='Static Burst' level=1 skill=Mimicry activation=Casted FP=- STM=8 cast=1.4 cooldown=24 mimicryRank=43 slots=3 trait=False stance=False,Limit extra arcs to two per cast; arc base damage receives analyzer potency.
621,Mimicry,Stim Canister,Retest,Mimicry,72,PASS,StimCanisterTechnique/StimCanisterTechniqueAbilityDefinition/Mimicry rank 43,StimCanisterTechnique: StimCanisterTechniqueAbilityDefinition.cs name='Stim Canister' level=1 skill=Mimicry activation=Casted FP=- STM=8 cast=1.2 cooldown=45 mimicryRank=43 slots=3 trait=False stance=False,No additional mismatch identified in source review; see generated registry evidence and group validation in PerkTrackerReview.md.
622,Mimicry,Toxic Cloud,Not Tested,Mimicry,73,PASS,ToxicCloudTechnique/ToxicCloudTechniqueAbilityDefinition/Mimicry rank 33,ToxicCloudTechnique: ToxicCloudTechniqueAbilityDefinition.cs name='Toxic Cloud' level=1 skill=Mimicry activation=Casted FP=- STM=8 cast=1.6 cooldown=24 mimicryRank=33 slots=3 trait=False stance=False,No additional mismatch identified in source review; see generated registry evidence and group validation in PerkTrackerReview.md.
625,Mimicry,Cryo Bile,Retest,Mimicry,76,PASS,CryoBileTechnique/CryoBileTechniqueAbilityDefinition/Mimicry rank 40,CryoBileTechnique: CryoBileTechniqueAbilityDefinition.cs name='Cryo Bile' level=1 skill=Mimicry activation=Casted FP=- STM=10 cast=1.6 cooldown=30 mimicryRank=40 slots=3 trait=False stance=False,No additional mismatch identified in source review; see generated registry evidence and group validation in PerkTrackerReview.md.
626,Mimicry,Final Eclipse,Not Tested,Mimicry,77,PASS,FinalEclipseTechnique/FinalEclipseTechniqueAbilityDefinition/Mimicry rank 50,FinalEclipseTechnique: FinalEclipseTechniqueAbilityDefinition.cs name='Final Eclipse' level=1 skill=Mimicry activation=Casted FP=- STM=10 cast=1.4 cooldown=30 mimicryRank=50 slots=3 trait=False stance=False,No additional mismatch identified in source review; see generated registry evidence and group validation in PerkTrackerReview.md.
627,Mimicry,Final Line,Not Tested,Mimicry,78,PASS,FinalLineTechnique/FinalLineTechniqueAbilityDefinition/Mimicry rank 49,FinalLineTechnique: FinalLineTechniqueAbilityDefinition.cs name='Final Line' level=1 skill=Mimicry activation=Casted FP=- STM=10 cast=1.4 cooldown=30 mimicryRank=49 slots=3 trait=False stance=False,No additional mismatch identified in source review; see generated registry evidence and group validation in PerkTrackerReview.md.
628,Mimicry,Final Mandate,Not Tested,Mimicry,79,PASS,FinalMandateTechnique/FinalMandateTechniqueAbilityDefinition/Mimicry rank 49,FinalMandateTechnique: FinalMandateTechniqueAbilityDefinition.cs name='Final Mandate' level=1 skill=Mimicry activation=Casted FP=- STM=10 cast=1 cooldown=30 mimicryRank=49 slots=3 trait=False stance=False,No additional mismatch identified in source review; see generated registry evidence and group validation in PerkTrackerReview.md.
629,Mimicry,Final Suppression,Not Tested,Mimicry,80,PASS,FinalSuppressionTechnique/FinalSuppressionTechniqueAbilityDefinition/Mimicry rank 48,FinalSuppressionTechnique: FinalSuppressionTechniqueAbilityDefinition.cs name='Final Suppression' level=1 skill=Mimicry activation=Casted FP=- STM=10 cast=1.4 cooldown=30 mimicryRank=48 slots=3 trait=False stance=False,No additional mismatch identified in source review; see generated registry evidence and group validation in PerkTrackerReview.md.
630,Mimicry,Finishing Drive,Not Tested,Mimicry,81,PASS,FinishingDriveTechnique/FinishingDriveTechniqueAbilityDefinition/Mimicry rank 48,FinishingDriveTechnique: FinishingDriveTechniqueAbilityDefinition.cs name='Finishing Drive' level=1 skill=Mimicry activation=Casted FP=- STM=10 cast=0 cooldown=10 mimicryRank=48 slots=3 trait=False stance=False,"Approved cooldown reduced to 10 seconds; one stack per cast refreshes all stacks to 30 seconds, allowing three stacks."
631,Mimicry,Holdfast Slam,Not Tested,Mimicry,82,PASS,HoldfastSlamTechnique/HoldfastSlamTechniqueAbilityDefinition/Mimicry rank 44,HoldfastSlamTechnique: HoldfastSlamTechniqueAbilityDefinition.cs name='Holdfast Slam' level=1 skill=Mimicry activation=Casted FP=- STM=9 cast=1.3 cooldown=24 mimicryRank=44 slots=3 trait=False stance=False,No additional mismatch identified in source review; see generated registry evidence and group validation in PerkTrackerReview.md.
632,Mimicry,Inferno Blast,Not Tested,Mimicry,83,PASS,InfernoBlastTechnique/InfernoBlastTechniqueAbilityDefinition/Mimicry rank 15,InfernoBlastTechnique: InfernoBlastTechniqueAbilityDefinition.cs name='Inferno Blast' level=1 skill=Mimicry activation=Casted FP=- STM=10 cast=2.5 cooldown=30 mimicryRank=15 slots=3 trait=False stance=False,No additional mismatch identified in source review; see generated registry evidence and group validation in PerkTrackerReview.md.
633,Mimicry,Inner Circle Bind,Not Tested,Mimicry,84,PASS,InnerCircleBindTechnique/InnerCircleBindTechniqueAbilityDefinition/Mimicry rank 44,InnerCircleBindTechnique: InnerCircleBindTechniqueAbilityDefinition.cs name='Inner Circle Bind' level=1 skill=Mimicry activation=Casted FP=- STM=9 cast=1.3 cooldown=24 mimicryRank=44 slots=3 trait=False stance=False,No additional mismatch identified in source review; see generated registry evidence and group validation in PerkTrackerReview.md.
634,Mimicry,Inner Circle Pounce,Not Tested,Mimicry,85,PASS,InnerCirclePounceTechnique/InnerCirclePounceTechniqueAbilityDefinition/Mimicry rank 46,InnerCirclePounceTechnique: InnerCirclePounceTechniqueAbilityDefinition.cs name='Inner Circle Pounce' level=1 skill=Mimicry activation=Casted FP=- STM=9 cast=1.3 cooldown=24 mimicryRank=46 slots=3 trait=False stance=False,No additional mismatch identified in source review; see generated registry evidence and group validation in PerkTrackerReview.md.
635,Mimicry,Inner Circle Surge,Not Tested,Mimicry,86,PASS,InnerCircleSurgeTechnique/InnerCircleSurgeTechniqueAbilityDefinition/Mimicry rank 45,InnerCircleSurgeTechnique: InnerCircleSurgeTechniqueAbilityDefinition.cs name='Inner Circle Surge' level=1 skill=Mimicry activation=Casted FP=- STM=9 cast=1.3 cooldown=24 mimicryRank=45 slots=3 trait=False stance=False,Arc base damage receives analyzer potency.
636,Mimicry,Inner Circle Volley,Not Tested,Mimicry,87,PASS,InnerCircleVolleyTechnique/InnerCircleVolleyTechniqueAbilityDefinition/Mimicry rank 45,InnerCircleVolleyTechnique: InnerCircleVolleyTechniqueAbilityDefinition.cs name='Inner Circle Volley' level=1 skill=Mimicry activation=Casted FP=- STM=9 cast=1.3 cooldown=24 mimicryRank=45 slots=3 trait=False stance=False,No additional mismatch identified in source review; see generated registry evidence and group validation in PerkTrackerReview.md.
637,Mimicry,Inner Ring Flurry,Not Tested,Mimicry,88,PASS,InnerRingFlurryTechnique/InnerRingFlurryTechniqueAbilityDefinition/Mimicry rank 44,InnerRingFlurryTechnique: InnerRingFlurryTechniqueAbilityDefinition.cs name='Inner Ring Flurry' level=1 skill=Mimicry activation=Casted FP=- STM=9 cast=1.3 cooldown=24 mimicryRank=44 slots=3 trait=False stance=False,No additional mismatch identified in source review; see generated registry evidence and group validation in PerkTrackerReview.md.
638,Mimicry,Inner Void,Not Tested,Mimicry,89,PASS,InnerVoidTechnique/InnerVoidTechniqueAbilityDefinition/Mimicry rank 46,InnerVoidTechnique: InnerVoidTechniqueAbilityDefinition.cs name='Inner Void' level=1 skill=Mimicry activation=Casted FP=- STM=9 cast=1.3 cooldown=24 mimicryRank=46 slots=3 trait=False stance=False,No additional mismatch identified in source review; see generated registry evidence and group validation in PerkTrackerReview.md.
639,Mimicry,Last Bastion,Not Tested,Mimicry,90,PASS,LastBastionTechnique/LastBastionTechniqueAbilityDefinition/Mimicry rank 47,LastBastionTechnique: LastBastionTechniqueAbilityDefinition.cs name='Last Bastion' level=1 skill=Mimicry activation=Casted FP=- STM=10 cast=1 cooldown=30 mimicryRank=47 slots=3 trait=False stance=False,Removed undocumented ten-enemy cap.
642,Mimicry,Pressure Lock,Not Tested,Mimicry,93,PASS,PressureLockTechnique/PressureLockTechniqueAbilityDefinition/Mimicry rank 44,PressureLockTechnique: PressureLockTechniqueAbilityDefinition.cs name='Pressure Lock' level=1 skill=Mimicry activation=Casted FP=- STM=10 cast=1 cooldown=30 mimicryRank=44 slots=3 trait=False stance=False,No additional mismatch identified in source review; see generated registry evidence and group validation in PerkTrackerReview.md.
643,Mimicry,Rupturing Quake,Not Tested,Mimicry,94,PASS,RupturingQuakeTechnique/RupturingQuakeTechniqueAbilityDefinition/Mimicry rank 26,RupturingQuakeTechnique: RupturingQuakeTechniqueAbilityDefinition.cs name='Rupturing Quake' level=1 skill=Mimicry activation=Casted FP=- STM=10 cast=3 cooldown=30 mimicryRank=26 slots=3 trait=False stance=False,No additional mismatch identified in source review; see generated registry evidence and group validation in PerkTrackerReview.md.
644,Mimicry,Scorching Breath,Not Tested,Mimicry,95,PASS,ScorchingBreathTechnique/ScorchingBreathTechniqueAbilityDefinition/Mimicry rank 50,ScorchingBreathTechnique: ScorchingBreathTechniqueAbilityDefinition.cs name='Scorching Breath' level=1 skill=Mimicry activation=Casted FP=- STM=10 cast=1.5 cooldown=30 mimicryRank=50 slots=3 trait=False stance=False,No additional mismatch identified in source review; see generated registry evidence and group validation in PerkTrackerReview.md.
645,Mimicry,Snap Rush,Not Tested,Mimicry,96,PASS,SnapRushTechnique/SnapRushTechniqueAbilityDefinition/Mimicry rank 46,SnapRushTechnique: SnapRushTechniqueAbilityDefinition.cs name='Snap Rush' level=1 skill=Mimicry activation=Casted FP=- STM=10 cast=0 cooldown=30 mimicryRank=46 slots=3 trait=False stance=False,No additional mismatch identified in source review; see generated registry evidence and group validation in PerkTrackerReview.md.
647,Mimicry,Terrifying Bellow,Not Tested,Mimicry,98,PASS,TerrifyingBellowTechnique/TerrifyingBellowTechniqueAbilityDefinition/Mimicry rank 11,TerrifyingBellowTechnique: TerrifyingBellowTechniqueAbilityDefinition.cs name='Terrifying Bellow' level=1 skill=Mimicry activation=Casted FP=- STM=10 cast=1 cooldown=30 mimicryRank=11 slots=3 trait=False stance=False,No additional mismatch identified in source review; see generated registry evidence and group validation in PerkTrackerReview.md.
648,Mimicry,Warden Clamp,Not Tested,Mimicry,99,PASS,WardenClampTechnique/WardenClampTechniqueAbilityDefinition/Mimicry rank 48,WardenClampTechnique: WardenClampTechniqueAbilityDefinition.cs name='Warden Clamp' level=1 skill=Mimicry activation=Casted FP=- STM=10 cast=1.1 cooldown=30 mimicryRank=48 slots=3 trait=False stance=False,No additional mismatch identified in source review; see generated registry evidence and group validation in PerkTrackerReview.md.
649,Mimicry,Warden Mark,Not Tested,Mimicry,100,PASS,WardenMarkTechnique/WardenMarkTechniqueAbilityDefinition/Mimicry rank 49,WardenMarkTechnique: WardenMarkTechniqueAbilityDefinition.cs name='Warden Mark' level=1 skill=Mimicry activation=Casted FP=- STM=10 cast=1.1 cooldown=30 mimicryRank=49 slots=3 trait=False stance=False,No additional mismatch identified in source review; see generated registry evidence and group validation in PerkTrackerReview.md.
650,Mimicry,Warden Maul,Not Tested,Mimicry,101,PASS,WardenMaulTechnique/WardenMaulTechniqueAbilityDefinition/Mimicry rank 50,WardenMaulTechnique: WardenMaulTechniqueAbilityDefinition.cs name='Warden Maul' level=1 skill=Mimicry activation=Casted FP=- STM=10 cast=1.1 cooldown=30 mimicryRank=50 slots=3 trait=False stance=False,No additional mismatch identified in source review; see generated registry evidence and group validation in PerkTrackerReview.md.
651,Mimicry,Warden Order,In Progress,Mimicry,102,PASS,WardenOrderTechnique/WardenOrderTechniqueAbilityDefinition/Mimicry rank 49,WardenOrderTechnique: WardenOrderTechniqueAbilityDefinition.cs name='Warden Order' level=1 skill=Mimicry activation=Casted FP=- STM=10 cast=1 cooldown=30 mimicryRank=49 slots=3 trait=False stance=False,"Heal applies Combat Readiness and recipient healing modifiers, using each recipient maximum HP."
654,Mimicry,Warden Wall,In Progress,Mimicry,105,PASS,WardenWallTechnique/WardenWallTechniqueAbilityDefinition/Mimicry rank 47,WardenWallTechnique: WardenWallTechniqueAbilityDefinition.cs name='Warden Wall' level=1 skill=Mimicry activation=Casted FP=- STM=- cast=2 cooldown=30 mimicryRank=47 slots=3 trait=False stance=True,"Friendly area helper excludes the source when requested, preventing a doubled self defense bonus."
718,Rifle,Pinning Fire,Retest,Rifle,10,PASS,PinningFire/RiflePacification/Pinning Fire rank 1,PinningFireTrait: no active ability definition,No additional mismatch identified in source review; see generated registry evidence and group validation in PerkTrackerReview.md.
719,Rifle,Sustained Fire I,Retest,Rifle,11,PASS,SustainedFire/RiflePacification/Sustained Fire rank 1,SustainedFireTrait: no active ability definition,No additional mismatch identified in source review; see generated registry evidence and group validation in PerkTrackerReview.md.
725,Rifle,Sustained Fire II,Retest,Rifle,17,PASS,SustainedFire/RiflePacification/Sustained Fire rank 2,-,No additional mismatch identified in source review; see generated registry evidence and group validation in PerkTrackerReview.md.
726,Rifle,Overwatch,Retest,Rifle,18,PASS,Overwatch/RiflePacification/Overwatch rank 1,OverwatchTrait: no active ability definition,No additional mismatch identified in source review; see generated registry evidence and group validation in PerkTrackerReview.md.
730,Rifle,Containment Net,Retest,Rifle,22,PASS,ContainmentNet/RiflePacification/Containment Net rank 1,ContainmentNetTrait: no active ability definition,No additional mismatch identified in source review; see generated registry evidence and group validation in PerkTrackerReview.md.
733,Rifle,Sustained Fire III,Retest,Rifle,25,PASS,SustainedFire/RiflePacification/Sustained Fire rank 3,-,No additional mismatch identified in source review; see generated registry evidence and group validation in PerkTrackerReview.md.
734,Rifle,Kill Box,Retest,Rifle,26,PASS,KillBox/RiflePacification/Kill Box rank 1,KillBox1: KillBoxAbilityDefinition.cs name='Kill Box' level=1 skill=Rifle activation=Casted FP=- STM=15 cast=2 cooldown=90,No additional mismatch identified in source review; see generated registry evidence and group validation in PerkTrackerReview.md.
735,Rifle,Aimed Shot I,Retest,Rifle,29,PASS,AimedShot/RifleMarksman/Aimed Shot rank 1,AimedShot1: AimedShotAbilityDefinition.cs name='Aimed Shot I' level=1 skill=Rifle activation=Casted FP=- STM=3 cast=0 cooldown=18,No additional mismatch identified in source review; see generated registry evidence and group validation in PerkTrackerReview.md.
736,Rifle,Steady Aim,Retest,Rifle,30,PASS,SteadyAim/RifleMarksman/Steady Aim rank 1,SteadyAimTrait: no active ability definition,No additional mismatch identified in source review; see generated registry evidence and group validation in PerkTrackerReview.md.
737,Rifle,Patience I,Retest,Rifle,31,PASS,Patience/RifleMarksman/Patience rank 1,PatienceTrait: no active ability definition,No additional mismatch identified in source review; see generated registry evidence and group validation in PerkTrackerReview.md.
738,Rifle,Piercing Round I,Retest,Rifle,32,PASS,PiercingRound/RifleMarksman/Piercing Round rank 1,PiercingRound1: PiercingRoundAbilityDefinition.cs name='Piercing Round I' level=1 skill=Rifle activation=Casted FP=- STM=4 cast=0 cooldown=24,No additional mismatch identified in source review; see generated registry evidence and group validation in PerkTrackerReview.md.
739,Rifle,Aimed Shot II,Retest,Rifle,33,PASS,AimedShot/RifleMarksman/Aimed Shot rank 2,AimedShot2: AimedShotAbilityDefinition.cs name='Aimed Shot II' level=2 skill=Rifle activation=Casted FP=- STM=5 cast=0 cooldown=18,No additional mismatch identified in source review; see generated registry evidence and group validation in PerkTrackerReview.md.
740,Rifle,Scope Calibration,Retest,Rifle,34,PASS,ScopeCalibration/RifleMarksman/Scope Calibration rank 1,ScopeCalibrationTrait: no active ability definition,No additional mismatch identified in source review; see generated registry evidence and group validation in PerkTrackerReview.md.
741,Rifle,Headshot I,Retest,Rifle,35,PASS,Headshot/RifleMarksman/Headshot rank 1,Headshot1: HeadshotAbilityDefinition.cs name='Headshot I' level=1 skill=Rifle activation=Weapon FP=- STM=6 cast=0 cooldown=30,No additional mismatch identified in source review; see generated registry evidence and group validation in PerkTrackerReview.md.
743,Rifle,Patience II,Retest,Rifle,37,PASS,Patience/RifleMarksman/Patience rank 2,-,No additional mismatch identified in source review; see generated registry evidence and group validation in PerkTrackerReview.md.
744,Rifle,Dead Center,Retest,Rifle,38,PASS,DeadCenter/RifleMarksman/Dead Center rank 1,DeadCenterTrait: no active ability definition,No additional mismatch identified in source review; see generated registry evidence and group validation in PerkTrackerReview.md.
745,Rifle,Aimed Shot III,Retest,Rifle,39,PASS,AimedShot/RifleMarksman/Aimed Shot rank 3,AimedShot3: AimedShotAbilityDefinition.cs name='Aimed Shot III' level=3 skill=Rifle activation=Casted FP=- STM=8 cast=0 cooldown=18,No additional mismatch identified in source review; see generated registry evidence and group validation in PerkTrackerReview.md.
746,Rifle,Piercing Round II,Retest,Rifle,40,PASS,PiercingRound/RifleMarksman/Piercing Round rank 2,PiercingRound2: PiercingRoundAbilityDefinition.cs name='Piercing Round II' level=2 skill=Rifle activation=Casted FP=- STM=8 cast=0 cooldown=24,No additional mismatch identified in source review; see generated registry evidence and group validation in PerkTrackerReview.md.
747,Rifle,Headshot II,Retest,Rifle,41,PASS,Headshot/RifleMarksman/Headshot rank 2,Headshot2: HeadshotAbilityDefinition.cs name='Headshot II' level=2 skill=Rifle activation=Weapon FP=- STM=9 cast=0 cooldown=30,No additional mismatch identified in source review; see generated registry evidence and group validation in PerkTrackerReview.md.
748,Rifle,Breach Round,Retest,Rifle,42,PASS,BreachRound/RifleMarksman/Breach Round rank 1,BreachRoundTrait: no active ability definition,No additional mismatch identified in source review; see generated registry evidence and group validation in PerkTrackerReview.md.
749,Rifle,Piercing Round III,Retest,Rifle,43,PASS,PiercingRound/RifleMarksman/Piercing Round rank 3,PiercingRound3: PiercingRoundAbilityDefinition.cs name='Piercing Round III' level=3 skill=Rifle activation=Casted FP=- STM=10 cast=0 cooldown=24,No additional mismatch identified in source review; see generated registry evidence and group validation in PerkTrackerReview.md.
750,Rifle,Aimed Shot IV,Retest,Rifle,44,PASS,AimedShot/RifleMarksman/Aimed Shot rank 4,AimedShot4: AimedShotAbilityDefinition.cs name='Aimed Shot IV' level=4 skill=Rifle activation=Casted FP=- STM=12 cast=0 cooldown=18,No additional mismatch identified in source review; see generated registry evidence and group validation in PerkTrackerReview.md.
751,Rifle,Patience III,Retest,Rifle,45,PASS,Patience/RifleMarksman/Patience rank 3,-,No additional mismatch identified in source review; see generated registry evidence and group validation in PerkTrackerReview.md.
752,Rifle,One Shot,Not Tested,Rifle,46,PASS,OneShot/RifleMarksman/One Shot rank 1,OneShot1: OneShotAbilityDefinition.cs name='One Shot' level=1 skill=Rifle activation=Casted FP=- STM=15 cast=2 cooldown=90,No additional mismatch identified in source review; see generated registry evidence and group validation in PerkTrackerReview.md.
755,Saberstaff,Balanced Current I,Not Tested,Saberstaff,11,PASS,BalancedCurrent/SaberstaffConduit/Balanced Current rank 1,BalancedCurrentTrait: no active ability definition,Resource threshold is strictly above 60%; independent of Infinite Conduit.
760,Saberstaff,Conduit Stance,Not Tested,Saberstaff,16,PASS,ConduitStance/SaberstaffConduit/Conduit Stance rank 1,ConduitStance1: ConduitStanceAbilityDefinition.cs name='Conduit Stance' level=1 skill=Saberstaff activation=Casted FP=- STM=- cast=2 cooldown=30,No additional mismatch identified in source review; see generated registry evidence and group validation in PerkTrackerReview.md.
761,Saberstaff,Balanced Current II,Not Tested,Saberstaff,17,PASS,BalancedCurrent/SaberstaffConduit/Balanced Current rank 2,-,Resource threshold is strictly above 60%; independent of Infinite Conduit.
766,Saberstaff,Balanced Attunement,Not Tested,Saberstaff,22,PASS,BalancedAttunement/SaberstaffConduit/Balanced Attunement rank 1,BalancedAttunementTrait: no active ability definition,Resource threshold is strictly above 60%.
769,Saberstaff,Balanced Current III,Not Tested,Saberstaff,25,PASS,BalancedCurrent/SaberstaffConduit/Balanced Current rank 3,-,Resource threshold is strictly above 60%; independent of Infinite Conduit.
770,Saberstaff,Infinite Conduit,Not Tested,Saberstaff,26,PASS,InfiniteConduit/SaberstaffConduit/Infinite Conduit rank 1,InfiniteConduit1: InfiniteConduitAbilityDefinition.cs name='Infinite Conduit' level=1 skill=Saberstaff activation=Casted FP=- STM=15 cast=2 cooldown=90,Independent temporary resource threshold preserves Balanced Current below 70%; thresholds are strict.
773,Saberstaff,Spinning Deflection I,Not Tested,Saberstaff,31,PASS,SpinningDeflection/SaberstaffTempest/Spinning Deflection rank 1,SpinningDeflectionTrait: no active ability definition,Area-use deflection triggers across skills even when no targets land; duration 30 seconds.
776,Saberstaff,Tempest Focus,Not Tested,Saberstaff,34,PASS,TempestFocus/SaberstaffTempest/Tempest Focus rank 1,TempestFocusTrait: no active ability definition,Removed unintended skill restriction; recent ranged deflection boosts all hostile area skills.
778,Saberstaff,Tempest Stance,Not Tested,Saberstaff,36,PASS,TempestStance/SaberstaffTempest/Tempest Stance rank 1,TempestStance1: TempestStanceAbilityDefinition.cs name='Tempest Stance' level=1 skill=Saberstaff activation=Casted FP=- STM=- cast=2 cooldown=30,Added area damage bonus and single-target penalty; area-use deflection triggers across skills.
779,Saberstaff,Spinning Deflection II,Not Tested,Saberstaff,37,PASS,SpinningDeflection/SaberstaffTempest/Spinning Deflection rank 2,-,Area-use deflection triggers across skills even when no targets land; duration 30 seconds.
780,Saberstaff,Force Gyre,Not Tested,Saberstaff,38,PASS,ForceGyre/SaberstaffTempest/Force Gyre rank 1,ForceGyreTrait: no active ability definition,No additional mismatch identified in source review; see generated registry evidence and group validation in PerkTrackerReview.md.
787,Saberstaff,Spinning Deflection III,Not Tested,Saberstaff,45,PASS,SpinningDeflection/SaberstaffTempest/Spinning Deflection rank 3,-,Area-use deflection triggers across skills even when no targets land; duration 30 seconds.
788,Saberstaff,Saber Cyclone,Not Tested,Saberstaff,46,PASS,SaberCyclone/SaberstaffTempest/Saber Cyclone rank 1,SaberCyclone1: SaberCycloneAbilityDefinition.cs name='Saber Cyclone' level=1 skill=Saberstaff activation=Casted FP=- STM=15 cast=2 cooldown=90,"Area-use FP and deflection trigger across skills, including empty areas."
795,Spear,Disruption Field I,Retest,Spear,15,PASS,DisruptionField/SpearDisabler/Disruption Field rank 1,DisruptionField1: DisruptionFieldAbilityDefinition.cs name='Disruption Field I' level=1 skill=Spear activation=Casted FP=- STM=6 cast=0 cooldown=30,No additional mismatch identified in source review; see generated registry evidence and group validation in PerkTrackerReview.md.
806,Spear,Forcebane,Retest,Spear,26,PASS,Forcebane/SpearDisabler/Forcebane rank 1,Forcebane1: ForcebaneAbilityDefinition.cs name='Forcebane' level=1 skill=Spear activation=Casted FP=- STM=15 cast=2 cooldown=90,No additional mismatch identified in source review; see generated registry evidence and group validation in PerkTrackerReview.md.
824,Spear,Crippling Defense,Retest,Spear,46,PASS,CripplingDefense/SpearDamage/Crippling Defense rank 1,CripplingDefense1: CripplingDefenseAbilityDefinition.cs name='Crippling Defense' level=1 skill=Spear activation=Casted FP=- STM=15 cast=2 cooldown=90,No additional mismatch identified in source review; see generated registry evidence and group validation in PerkTrackerReview.md.
899,Twin Blade,Spinning Rhythm I,Not Tested,Twin Blade,11,PASS,SpinningRhythm/TwinBladeCyclone/Spinning Rhythm rank 1,SpinningRhythmTrait: no active ability definition,"Grant one haste stack per enemy beyond the first, capped at three; applies across skills."
900,Twin Blade,Spinning Whirl I,Not Tested,Twin Blade,12,PASS,SpinningWhirl/TwinBladeCyclone/Spinning Whirl rank 1,SpinningWhirl1: SpinningWhirlAbilityDefinition.cs name='Spinning Whirl I' level=1 skill=TwinBlade activation=Casted FP=- STM=4 cast=0 cooldown=24,No additional mismatch identified in source review; see generated registry evidence and group validation in PerkTrackerReview.md.
902,Twin Blade,Flowing Footwork,Not Tested,Twin Blade,14,PASS,FlowingFootwork/TwinBladeCyclone/Flowing Footwork rank 1,FlowingFootworkTrait: no active ability definition,Area-use evasion triggers across combat skills without requiring a hit.
904,Twin Blade,Cyclone Stance,Not Tested,Twin Blade,16,PASS,CycloneStance/TwinBladeCyclone/Cyclone Stance rank 1,CycloneStance1: CycloneStanceAbilityDefinition.cs name='Cyclone Stance' level=1 skill=TwinBlade activation=Casted FP=- STM=- cast=2 cooldown=30,No additional mismatch identified in source review; see generated registry evidence and group validation in PerkTrackerReview.md.
905,Twin Blade,Spinning Rhythm II,Not Tested,Twin Blade,17,PASS,SpinningRhythm/TwinBladeCyclone/Spinning Rhythm rank 2,-,"Grant one haste stack per enemy beyond the first, capped at three; applies across skills."
906,Twin Blade,Sweeping Advance,Not Tested,Twin Blade,18,PASS,SweepingAdvance/TwinBladeCyclone/Sweeping Advance rank 1,SweepingAdvanceTrait: no active ability definition,Per-target Stamina restoration applies across area combat skills.
908,Twin Blade,Spinning Whirl II,Not Tested,Twin Blade,20,PASS,SpinningWhirl/TwinBladeCyclone/Spinning Whirl rank 2,SpinningWhirl2: SpinningWhirlAbilityDefinition.cs name='Spinning Whirl II' level=2 skill=TwinBlade activation=Casted FP=- STM=8 cast=0 cooldown=24,No additional mismatch identified in source review; see generated registry evidence and group validation in PerkTrackerReview.md.
909,Twin Blade,Blade Vortex II,Not Tested,Twin Blade,21,PASS,BladeVortex/TwinBladeCyclone/Blade Vortex rank 2,BladeVortex2: BladeVortexAbilityDefinition.cs name='Blade Vortex II' level=2 skill=TwinBlade activation=Casted FP=- STM=9 cast=0 cooldown=30,"Restore Stamina once after three distinct targets land, including deferred area impacts."
910,Twin Blade,Edge Rhythm,Not Tested,Twin Blade,22,PASS,EdgeRhythm/TwinBladeCyclone/Edge Rhythm rank 1,EdgeRhythmTrait: no active ability definition,No additional mismatch identified in source review; see generated registry evidence and group validation in PerkTrackerReview.md.
911,Twin Blade,Spinning Whirl III,Not Tested,Twin Blade,23,PASS,SpinningWhirl/TwinBladeCyclone/Spinning Whirl rank 3,SpinningWhirl3: SpinningWhirlAbilityDefinition.cs name='Spinning Whirl III' level=3 skill=TwinBlade activation=Casted FP=- STM=10 cast=0 cooldown=24,No additional mismatch identified in source review; see generated registry evidence and group validation in PerkTrackerReview.md.
914,Twin Blade,Tempest Bloom,Fail,Twin Blade,26,PASS,TempestBloom/TwinBladeCyclone/Tempest Bloom rank 1,TempestBloom1: TempestBloomAbilityDefinition.cs name='Tempest Bloom' level=1 skill=TwinBlade activation=Casted FP=- STM=15 cast=2 cooldown=90,Replaced fragmentation field with one immediate 5m physical pulse per landed area cast; shared cast identity survives delayed shapes and persistent fields. Approved Bible clarification.
934,Vibroblade,Executioner I,Retest,Vibroblade,10,PASS,Executioner/VibrobladeOffense/Executioner rank 1,ExecutionerTrait: no active ability definition,No additional mismatch identified in source review; see generated registry evidence and group validation in PerkTrackerReview.md.
935,Vibroblade,Rundown I,Retest,Vibroblade,11,PASS,Rundown/VibrobladeOffense/Rundown rank 1,RundownTrait: no active ability definition,No additional mismatch identified in source review; see generated registry evidence and group validation in PerkTrackerReview.md.
940,Vibroblade,Berserker Stance,Retest,Vibroblade,16,PASS,BerserkerStance/VibrobladeOffense/Berserker Stance rank 1,BerserkerStance1: BerserkerStanceAbilityDefinition.cs name='Berserker Stance' level=1 skill=Invalid activation=Casted FP=- STM=- cast=2 cooldown=30,No additional mismatch identified in source review; see generated registry evidence and group validation in PerkTrackerReview.md.
941,Vibroblade,Rundown II,Retest,Vibroblade,17,PASS,Rundown/VibrobladeOffense/Rundown rank 2,-,No additional mismatch identified in source review; see generated registry evidence and group validation in PerkTrackerReview.md.
942,Vibroblade,Follow-Through,Retest,Vibroblade,18,PASS,FollowThrough/VibrobladeOffense/Follow-Through rank 1,FollowThroughTrait: no active ability definition,No additional mismatch identified in source review; see generated registry evidence and group validation in PerkTrackerReview.md.
946,Vibroblade,Executioner II,Retest,Vibroblade,22,PASS,Executioner/VibrobladeOffense/Executioner rank 2,-,No additional mismatch identified in source review; see generated registry evidence and group validation in PerkTrackerReview.md.
949,Vibroblade,Rundown III,Retest,Vibroblade,25,PASS,Rundown/VibrobladeOffense/Rundown rank 3,-,No additional mismatch identified in source review; see generated registry evidence and group validation in PerkTrackerReview.md.
950,Vibroblade,Blood Frenzy,Retest,Vibroblade,26,PASS,BloodFrenzy/VibrobladeOffense/Blood Frenzy rank 1,BloodFrenzyTrait: no active ability definition,No additional mismatch identified in source review; see generated registry evidence and group validation in PerkTrackerReview.md.
969,Vibroknife,Pathogen Strike I,Retest,Vibroknife,9,PASS,PathogenStrike/VibroknifeShadow/Pathogen Strike rank 1,PathogenStrike1: PathogenStrikeAbilityDefinition.cs name='Pathogen Strike I' level=1 skill=Vibroknife activation=Weapon FP=- STM=3 cast=0 cooldown=12,No additional mismatch identified in source review; see generated registry evidence and group validation in PerkTrackerReview.md.
970,Vibroknife,Hypermetabolize,Retest,Vibroknife,10,PASS,Hypermetabolize/VibroknifeShadow/Hypermetabolize rank 1,HypermetabolizeTrait: no active ability definition,No additional mismatch identified in source review; see generated registry evidence and group validation in PerkTrackerReview.md.
973,Vibroknife,Pathogen Strike II,Retest,Vibroknife,13,PASS,PathogenStrike/VibroknifeShadow/Pathogen Strike rank 2,PathogenStrike2: PathogenStrikeAbilityDefinition.cs name='Pathogen Strike II' level=2 skill=Vibroknife activation=Weapon FP=- STM=4 cast=0 cooldown=12,No additional mismatch identified in source review; see generated registry evidence and group validation in PerkTrackerReview.md.
978,Vibroknife,Venom Tempo,Retest,Vibroknife,18,PASS,VenomTempo/VibroknifeShadow/Venom Tempo rank 1,VenomTempoTrait: no active ability definition,No additional mismatch identified in source review; see generated registry evidence and group validation in PerkTrackerReview.md.
979,Vibroknife,Pathogen Strike III,Retest,Vibroknife,19,PASS,PathogenStrike/VibroknifeShadow/Pathogen Strike rank 3,PathogenStrike3: PathogenStrikeAbilityDefinition.cs name='Pathogen Strike III' level=3 skill=Vibroknife activation=Weapon FP=- STM=5 cast=0 cooldown=12,No additional mismatch identified in source review; see generated registry evidence and group validation in PerkTrackerReview.md.
984,Vibroknife,Pathogen Strike IV,Retest,Vibroknife,24,PASS,PathogenStrike/VibroknifeShadow/Pathogen Strike rank 4,PathogenStrike4: PathogenStrikeAbilityDefinition.cs name='Pathogen Strike IV' level=4 skill=Vibroknife activation=Weapon FP=- STM=6 cast=0 cooldown=12,No additional mismatch identified in source review; see generated registry evidence and group validation in PerkTrackerReview.md.
989,Vibroknife,First Strike I,Retest,Vibroknife,31,PASS,FirstStrike/VibroknifeSaboteur/First Strike rank 1,FirstStrikeTrait: no active ability definition,No additional mismatch identified in source review; see generated registry evidence and group validation in PerkTrackerReview.md.
993,Vibroknife,Backstab I,Retest,Vibroknife,35,PASS,Backstab/VibroknifeSaboteur/Backstab rank 1,Backstab1: BackstabAbilityDefinition.cs name='Backstab I' level=1 skill=Vibroknife activation=Casted FP=- STM=8 cast=0 cooldown=45,No additional mismatch identified in source review; see generated registry evidence and group validation in PerkTrackerReview.md.
995,Vibroknife,First Strike II,Retest,Vibroknife,37,PASS,FirstStrike/VibroknifeSaboteur/First Strike rank 2,-,No additional mismatch identified in source review; see generated registry evidence and group validation in PerkTrackerReview.md.
999,Vibroknife,Backstab II,Retest,Vibroknife,41,PASS,Backstab/VibroknifeSaboteur/Backstab rank 2,Backstab2: BackstabAbilityDefinition.cs name='Backstab II' level=2 skill=Vibroknife activation=Casted FP=- STM=10 cast=0 cooldown=45,No additional mismatch identified in source review; see generated registry evidence and group validation in PerkTrackerReview.md.
1000,Vibroknife,Hobbled,Retest,Vibroknife,42,PASS,Hobbled/VibroknifeSaboteur/Hobbled rank 1,HobbledTrait: no active ability definition,No additional mismatch identified in source review; see generated registry evidence and group validation in PerkTrackerReview.md.
1003,Vibroknife,First Strike III,Retest,Vibroknife,45,PASS,FirstStrike/VibroknifeSaboteur/First Strike rank 3,-,No additional mismatch identified in source review; see generated registry evidence and group validation in PerkTrackerReview.md.
