"Tag","Name","GameplayUse","ModuleType","FittingSlot","Active","Timed","CapitalOnly","CanTargetSelf","PerkRequirements","IconResRef","SourcePath"
"acm_launch_1","Assault Concussion Missile Launcher","Requires an assault concussion missile. Its massive warhead deals 200 DMG to enemy capital ships, but cannot target subcapital ships.","AssaultConcussionMissile","High","True","True","True","False","OffensiveModules:5","iit_smconclaunch","SWLOR.Game.Server/Feature/ShipModuleDefinition/AssaultConcussionMissileModuleDefinition.cs"
"beamcannon1","Basic Beam Cannon","A stream of high energy particles deals damage over time, three attacks are made over the course of one second, each tick doing 3 thermal DMG on a hit.","BeamLaser","High","True","True","False","False","OffensiveModules:1","iit_smbeamcann","SWLOR.Game.Server/Feature/ShipModuleDefinition/BeamCannonModuleDefinition.cs"
"beamcannon2","Beam Cannon I","A stream of high energy particles deals damage over time, three attacks are made over the course of one second, each tick doing 6 thermal DMG on a hit.","BeamLaser","High","True","True","False","False","OffensiveModules:2","iit_smbeamcann","SWLOR.Game.Server/Feature/ShipModuleDefinition/BeamCannonModuleDefinition.cs"
"beamcannon3","Beam Cannon II","A stream of high energy particles deals damage over time, three attacks are made over the course of one second, each tick doing 9 thermal DMG on a hit.","BeamLaser","High","True","True","False","False","OffensiveModules:3","iit_smbeamcann","SWLOR.Game.Server/Feature/ShipModuleDefinition/BeamCannonModuleDefinition.cs"
"beamcannon4","Beam Cannon III","A stream of high energy particles deals damage over time, three attacks are made over the course of one second, each tick doing 12 thermal DMG on a hit.","BeamLaser","High","True","True","False","False","OffensiveModules:4","iit_smbeamcann","SWLOR.Game.Server/Feature/ShipModuleDefinition/BeamCannonModuleDefinition.cs"
"beamcannon5","Beam Cannon IV","A stream of high energy particles deals damage over time, three attacks are made over the course of one second, each tick doing 15 thermal DMG on a hit.","BeamLaser","High","True","True","False","False","OffensiveModules:5","iit_smbeamcann","SWLOR.Game.Server/Feature/ShipModuleDefinition/BeamCannonModuleDefinition.cs"
"bulwarkgen","Bulwark Shield Generator","An advanced suite of shield generators project at a wide range, protecting allied ships and reinforcing their shields.","BulwarkShieldGenerator","High","True","True","True","True","","iit_smbulwark","SWLOR.Game.Server/Feature/ShipModuleDefinition/BulwarkShieldGeneratorModuleDefinition.cs"
"cap_armor1","Reinforced Durasteel Plating","Improves a ship's defenses to Thermal, EM and Explosive by 45 at the cost of 50 shields.","Passive","Low","False","False","True","False","DefensiveModules:5","iit_smreinplate","SWLOR.Game.Server/Feature/ShipModuleDefinition/ReinforcedPlatingModuleDefinition.cs"
"cap_boost_1","Capacitor Booster I","Improves a ship's maximum capacitor by 8.","Passive","Low","False","False","False","False","DefensiveModules:2","iit_smcapboost","SWLOR.Game.Server/Feature/ShipModuleDefinition/CapacitorBoosterModuleDefinition.cs"
"cap_boost_2","Capacitor Booster II","Improves a ship's maximum capacitor by 11.","Passive","Low","False","False","False","False","DefensiveModules:3","iit_smcapboost","SWLOR.Game.Server/Feature/ShipModuleDefinition/CapacitorBoosterModuleDefinition.cs"
"cap_boost_3","Capacitor Booster III","Improves a ship's maximum capacitor by 14.","Passive","Low","False","False","False","False","DefensiveModules:4","iit_smcapboost","SWLOR.Game.Server/Feature/ShipModuleDefinition/CapacitorBoosterModuleDefinition.cs"
"cap_boost_4","Capacitor Booster IV","Improves a ship's maximum capacitor by 17.","Passive","Low","False","False","False","False","DefensiveModules:5","iit_smcapboost","SWLOR.Game.Server/Feature/ShipModuleDefinition/CapacitorBoosterModuleDefinition.cs"
"cap_boost_b","Basic Capacitor Booster","Improves a ship's maximum capacitor by 5.","Passive","Low","False","False","False","False","DefensiveModules:1","iit_smcapboost","SWLOR.Game.Server/Feature/ShipModuleDefinition/CapacitorBoosterModuleDefinition.cs"
"cap_ewar","Capital E-War Module","Sends out a pulse scrambling enemy fire systems, forcing them towards yourself.","CapitalEwar","High","True","True","True","True","","iit_smewar","SWLOR.Game.Server/Feature/ShipModuleDefinition/CapitalEwarModuleDefinition.cs"
"cap_indus","Logistics Nexus Configuration","Provides several base stats to a ship to allow it to fulfill a role and operate at full capacity:
Armor: + 500 + Module Bonus x 10
Shield: + 100 + Module Bonus x 10
Thermal Attack: + 0 + Module Bonus x 2 +
Thermal Defense: + 150 + Module Bonus x 2
EM Attack: + 0 + Module Bonus x 2
EM Defense: + 150 + Module Bonus x 2
Explosive Attack: + 0 + Module Bonus x 2
Explosive Defense: + 150 + Module Bonus x 2
Accuracy: + 0 + Module Bonus x 2
Evasion: + 0 + Module Bonus x 2
Industrial Level: + 6 + Module Bonus x 2 (Industrial frames only)
Shield Recharge Rate Adjustment: - 0 - Module Bonus / 2 seconds per point adjustment.","Passive","Config","False","False","True","False","Starships:5","iit_smlognexus","SWLOR.Game.Server/Feature/ShipModuleDefinition/ShipConfigurationModuleDefinition.cs"
"cap_inject1","Basic Hypermatter Injector","Consumes a fuel capsule to restore 8 capacitor.","HypermatterInjector","High","True","True","False","True","DefensiveModules:1","iit_smhminject","SWLOR.Game.Server/Feature/ShipModuleDefinition/HypermatterInjectorModuleDefinition.cs"
"cap_inject2","Hypermatter Injector I","Consumes a fuel capsule to restore 14 capacitor.","HypermatterInjector","High","True","True","False","True","DefensiveModules:2","iit_smhminject","SWLOR.Game.Server/Feature/ShipModuleDefinition/HypermatterInjectorModuleDefinition.cs"
"cap_inject3","Hypermatter Injector II","Consumes a fuel capsules to restore 20 capacitor.","HypermatterInjector","High","True","True","False","True","DefensiveModules:3","iit_smhminject","SWLOR.Game.Server/Feature/ShipModuleDefinition/HypermatterInjectorModuleDefinition.cs"
"cap_inject4","Hypermatter Injector III","Consumes a fuel capsules to restore 26 capacitor.","HypermatterInjector","High","True","True","False","True","DefensiveModules:4","iit_smhminject","SWLOR.Game.Server/Feature/ShipModuleDefinition/HypermatterInjectorModuleDefinition.cs"
"cap_inject5","Hypermatter Injector IV","Consumes a fuel capsules to restore 32 capacitor.","HypermatterInjector","High","True","True","False","True","DefensiveModules:5","iit_smhminject","SWLOR.Game.Server/Feature/ShipModuleDefinition/HypermatterInjectorModuleDefinition.cs"
"cap_minlas","Strip Miner","Mines a target asteroid over 18 seconds, retrieving an extremely large number of ores up to the asteroid's tier. Your ship is immobile while this happens.","StripMiner","High","True","True","True","False","MiningModules:5","iit_smstripminer","SWLOR.Game.Server/Feature/ShipModuleDefinition/StripMinerModuleDefinition.cs"
"cap_pwdiv","Capital Power Diverter","Improves a ship's shield recharge by 6 at the cost of 60 max capacitor.","Passive","Low","False","False","True","False","DefensiveModules:5","iit_smpowdivert","SWLOR.Game.Server/Feature/ShipModuleDefinition/CapitalPowerDiverterModuleDefinition.cs"
"cap_quadlas1","Quad Laser Cannons","Fires a series of four shots at a target doing 30 DMG each.","QuadLaser","High","True","True","True","False","OffensiveModules:5","iit_smquadlaser","SWLOR.Game.Server/Feature/ShipModuleDefinition/QuadLaserCannonModuleDefinition.cs"
"cap_quadlas2","Quad-Laser Cannon Array","Fires a series of five shots at a target doing 30 DMG each.","QuadLaser","High","True","True","True","False","OffensiveModules:5","iit_smquadlaser","SWLOR.Game.Server/Feature/ShipModuleDefinition/QuadLaserCannonModuleDefinition.cs"
"cap_quadlas3","Quad-Laser Cannon Battery","Fires a series of six shots at a target doing 30 DMG each.","QuadLaser","High","True","True","True","False","OffensiveModules:5","iit_smquadlaser","SWLOR.Game.Server/Feature/ShipModuleDefinition/QuadLaserCannonModuleDefinition.cs"
"cap_shields1","Redundant Shield Generator","Improves a ship's max shields by 150 at the cost of 10 shield recharge rate.","Passive","Low","False","False","True","False","DefensiveModules:5","iit_smredshld","SWLOR.Game.Server/Feature/ShipModuleDefinition/RedundantShieldsModuleDefinition.cs"
"cap_skirm","Skirmisher Configuration","Provides several base stats to a ship to allow it to fulfill a role and operate at full capacity:
Armor: + 0 + Module Bonus x 10
Shield: + 400 + Module Bonus x 10
Thermal Attack: + 50 + Module Bonus x 2 +
Thermal Defense: + 75 + Module Bonus x 2
EM Attack: + 50 + Module Bonus x 2
EM Defense: + 75 + Module Bonus x 2
Explosive Attack: + 50 + Module Bonus x 2
Explosive Defense: + 75 + Module Bonus x 2
Accuracy: + 0 + Module Bonus x 2
Evasion: + 40 + Module Bonus x 2
Industrial Level: + 0 + Module Bonus x 2 (Industrial frames only)
Shield Recharge Rate Adjustment: - -10 - Module Bonus / 2 seconds per point adjustment.","Passive","Config","False","False","True","False","Starships:5","iit_smskirmcfg","SWLOR.Game.Server/Feature/ShipModuleDefinition/ShipConfigurationModuleDefinition.cs"
"cap_target1","Dedicated Targeting Sensor Array","A suite of dedicated passive sensors for your ship's weapons systems. They improve your accuracy by 20, but passive sensor tech reduces your Attack by five.","Passive","Low","False","False","True","False","DefensiveModules:5","iit_smtgtarray","SWLOR.Game.Server/Feature/ShipModuleDefinition/TargetingArrayModuleDefinition.cs"
"cap_thrust1","Advanced Maneuvering Thrusters","Improves a ship's evasion by 20 at the cost of 30 max capacitor.","Passive","Low","False","False","True","False","DefensiveModules:5","iit_smadvthrust","SWLOR.Game.Server/Feature/ShipModuleDefinition/AdvancedThrustersModuleDefinition.cs"
"cap_warship","Warship Configuration","Provides several base stats to a ship to allow it to fulfill a role and operate at full capacity:
Armor: + 350 + Module Bonus x 10
Shield: + 350 + Module Bonus x 10
Thermal Attack: + 0 + Module Bonus x 2 +
Thermal Defense: + 220 + Module Bonus x 2
EM Attack: + 0 + Module Bonus x 2
EM Defense: + 220 + Module Bonus x 2
Explosive Attack: + 0 + Module Bonus x 2
Explosive Defense: + 220 + Module Bonus x 2
Accuracy: + 40 + Module Bonus x 2
Evasion: + 0 + Module Bonus x 2
Industrial Level: + 0 + Module Bonus x 2 (Industrial frames only)
Shield Recharge Rate Adjustment: - 0 - Module Bonus / 2 seconds per point adjustment.","Passive","Config","False","False","True","False","Starships:5","iit_smwarconfig","SWLOR.Game.Server/Feature/ShipModuleDefinition/ShipConfigurationModuleDefinition.cs"
"cap_wcomp1","Dedicated Weapons System Computer","This weapons computer increases all Attack by 20 but reduces Accuracy by 10.","Passive","Low","False","False","True","False","DefensiveModules:5","iit_smwpncomp","SWLOR.Game.Server/Feature/ShipModuleDefinition/WeaponsComputerModuleDefinition.cs"
"com_laser_1","Combat Laser I","Deals 18 thermal DMG to your target.","CombatLaser","High","True","True","False","False","OffensiveModules:2","iit_smcmblaser","SWLOR.Game.Server/Feature/ShipModuleDefinition/CombatLaserModuleDefinition.cs"
"com_laser_2","Combat Laser II","Deals 24 thermal DMG to your target.","CombatLaser","High","True","True","False","False","OffensiveModules:3","iit_smcmblaser","SWLOR.Game.Server/Feature/ShipModuleDefinition/CombatLaserModuleDefinition.cs"
"com_laser_3","Combat Laser III","Deals 30 thermal DMG to your target.","CombatLaser","High","True","True","False","False","OffensiveModules:4","iit_smcmblaser","SWLOR.Game.Server/Feature/ShipModuleDefinition/CombatLaserModuleDefinition.cs"
"com_laser_4","Combat Laser IV","Deals 36 thermal DMG to your target.","CombatLaser","High","True","True","False","False","OffensiveModules:5","iit_smcmblaser","SWLOR.Game.Server/Feature/ShipModuleDefinition/CombatLaserModuleDefinition.cs"
"com_laser_b","Basic Combat Laser","Deals 12 thermal DMG to your target.","CombatLaser","High","True","True","False","False","OffensiveModules:1","iit_smcmblaser","SWLOR.Game.Server/Feature/ShipModuleDefinition/CombatLaserModuleDefinition.cs"
"con_bmb1","NPC Bmb Conf 1","Provides several base stats to a ship to allow it to fulfill a role and operate at full capacity:
Armor: + 0 + Module Bonus x 4
Shield: + 0 + Module Bonus x 4
Thermal Attack: + 0 + Module Bonus x 2 +
Thermal Defense: + 20 + Module Bonus x 2
EM Attack: + 0 + Module Bonus x 2
EM Defense: + 10 + Module Bonus x 2
Explosive Attack: + 5 + Module Bonus x 2
Explosive Defense: + 8 + Module Bonus x 2
Accuracy: + 2 + Module Bonus x 2
Evasion: + 2 + Module Bonus x 2
Industrial Level: + 0 + Module Bonus x 2 (Industrial frames only)","Passive","Config","False","False","False","False","Starships:1","iit_smbmbconfig","SWLOR.Game.Server/Feature/ShipModuleDefinition/ShipConfigurationModuleDefinition.cs"
"con_bmb2","NPC Bmb Conf 2","Provides several base stats to a ship to allow it to fulfill a role and operate at full capacity:
Armor: + 0 + Module Bonus x 4
Shield: + 0 + Module Bonus x 4
Thermal Attack: + 0 + Module Bonus x 2 +
Thermal Defense: + 35 + Module Bonus x 2
EM Attack: + 0 + Module Bonus x 2
EM Defense: + 22 + Module Bonus x 2
Explosive Attack: + 10 + Module Bonus x 2
Explosive Defense: + 15 + Module Bonus x 2
Accuracy: + 5 + Module Bonus x 2
Evasion: + 2 + Module Bonus x 2
Industrial Level: + 0 + Module Bonus x 2 (Industrial frames only)","Passive","Config","False","False","False","False","Starships:1","iit_smbmbconfig","SWLOR.Game.Server/Feature/ShipModuleDefinition/ShipConfigurationModuleDefinition.cs"
"con_bmb3","NPC Bmb Conf 3","Provides several base stats to a ship to allow it to fulfill a role and operate at full capacity:
Armor: + 0 + Module Bonus x 4
Shield: + 0 + Module Bonus x 4
Thermal Attack: + 0 + Module Bonus x 2 +
Thermal Defense: + 40 + Module Bonus x 2
EM Attack: + 0 + Module Bonus x 2
EM Defense: + 35 + Module Bonus x 2
Explosive Attack: + 15 + Module Bonus x 2
Explosive Defense: + 22 + Module Bonus x 2
Accuracy: + 10 + Module Bonus x 2
Evasion: + 2 + Module Bonus x 2
Industrial Level: + 0 + Module Bonus x 2 (Industrial frames only)","Passive","Config","False","False","False","False","Starships:1","iit_smbmbconfig","SWLOR.Game.Server/Feature/ShipModuleDefinition/ShipConfigurationModuleDefinition.cs"
"con_bmb4","NPC Bmb Conf 4","Provides several base stats to a ship to allow it to fulfill a role and operate at full capacity:
Armor: + 0 + Module Bonus x 4
Shield: + 0 + Module Bonus x 4
Thermal Attack: + 0 + Module Bonus x 2 +
Thermal Defense: + 75 + Module Bonus x 2
EM Attack: + 0 + Module Bonus x 2
EM Defense: + 50 + Module Bonus x 2
Explosive Attack: + 20 + Module Bonus x 2
Explosive Defense: + 35 + Module Bonus x 2
Accuracy: + 20 + Module Bonus x 2
Evasion: + 2 + Module Bonus x 2
Industrial Level: + 0 + Module Bonus x 2 (Industrial frames only)","Passive","Config","False","False","False","False","Starships:1","iit_smbmbconfig","SWLOR.Game.Server/Feature/ShipModuleDefinition/ShipConfigurationModuleDefinition.cs"
"con_bmb5","NPC Bmb Conf 5","Provides several base stats to a ship to allow it to fulfill a role and operate at full capacity:
Armor: + 0 + Module Bonus x 4
Shield: + 0 + Module Bonus x 4
Thermal Attack: + 0 + Module Bonus x 2 +
Thermal Defense: + 100 + Module Bonus x 2
EM Attack: + 0 + Module Bonus x 2
EM Defense: + 70 + Module Bonus x 2
Explosive Attack: + 25 + Module Bonus x 2
Explosive Defense: + 50 + Module Bonus x 2
Accuracy: + 30 + Module Bonus x 2
Evasion: + 30 + Module Bonus x 2
Industrial Level: + 0 + Module Bonus x 2 (Industrial frames only)","Passive","Config","False","False","False","False","Starships:1","iit_smbmbconfig","SWLOR.Game.Server/Feature/ShipModuleDefinition/ShipConfigurationModuleDefinition.cs"
"con_bmb6","NPC Bmb Conf 6","Provides several base stats to a ship to allow it to fulfill a role and operate at full capacity:
Armor: + 0 + Module Bonus x 4
Shield: + 0 + Module Bonus x 4
Thermal Attack: + 0 + Module Bonus x 2 +
Thermal Defense: + 125 + Module Bonus x 2
EM Attack: + 0 + Module Bonus x 2
EM Defense: + 90 + Module Bonus x 2
Explosive Attack: + 30 + Module Bonus x 2
Explosive Defense: + 70 + Module Bonus x 2
Accuracy: + 30 + Module Bonus x 2
Evasion: + 30 + Module Bonus x 2
Industrial Level: + 0 + Module Bonus x 2 (Industrial frames only)","Passive","Config","False","False","False","False","Starships:1","iit_smbmbconfig","SWLOR.Game.Server/Feature/ShipModuleDefinition/ShipConfigurationModuleDefinition.cs"
"con_cap1","NPC Cap Conf 1","Provides several base stats to a ship to allow it to fulfill a role and operate at full capacity:
Armor: + 0 + Module Bonus x 10
Shield: + 0 + Module Bonus x 10
Thermal Attack: + 30 + Module Bonus x 2 +
Thermal Defense: + 250 + Module Bonus x 2
EM Attack: + 30 + Module Bonus x 2
EM Defense: + 175 + Module Bonus x 2
Explosive Attack: + 30 + Module Bonus x 2
Explosive Defense: + 125 + Module Bonus x 2
Accuracy: + 30 + Module Bonus x 2
Evasion: + 0 + Module Bonus x 2
Industrial Level: + 0 + Module Bonus x 2 (Industrial frames only)
Shield Recharge Rate Adjustment: - 0 - Module Bonus / 2 seconds per point adjustment.","Passive","Config","False","False","True","False","Starships:1","iit_smwarconfig","SWLOR.Game.Server/Feature/ShipModuleDefinition/ShipConfigurationModuleDefinition.cs"
"con_cap2","NPC Cap Conf 2","Provides several base stats to a ship to allow it to fulfill a role and operate at full capacity:
Armor: + 0 + Module Bonus x 10
Shield: + 0 + Module Bonus x 10
Thermal Attack: + 30 + Module Bonus x 2 +
Thermal Defense: + 275 + Module Bonus x 2
EM Attack: + 30 + Module Bonus x 2
EM Defense: + 190 + Module Bonus x 2
Explosive Attack: + 30 + Module Bonus x 2
Explosive Defense: + 140 + Module Bonus x 2
Accuracy: + 30 + Module Bonus x 2
Evasion: + 0 + Module Bonus x 2
Industrial Level: + 0 + Module Bonus x 2 (Industrial frames only)
Shield Recharge Rate Adjustment: - 0 - Module Bonus / 2 seconds per point adjustment.","Passive","Config","False","False","True","False","Starships:1","iit_smwarconfig","SWLOR.Game.Server/Feature/ShipModuleDefinition/ShipConfigurationModuleDefinition.cs"
"con_cap3","NPC Cap Conf 3","Provides several base stats to a ship to allow it to fulfill a role and operate at full capacity:
Armor: + 0 + Module Bonus x 10
Shield: + 0 + Module Bonus x 10
Thermal Attack: + 30 + Module Bonus x 2 +
Thermal Defense: + 300 + Module Bonus x 2
EM Attack: + 30 + Module Bonus x 2
EM Defense: + 205 + Module Bonus x 2
Explosive Attack: + 30 + Module Bonus x 2
Explosive Defense: + 155 + Module Bonus x 2
Accuracy: + 30 + Module Bonus x 2
Evasion: + 0 + Module Bonus x 2
Industrial Level: + 0 + Module Bonus x 2 (Industrial frames only)
Shield Recharge Rate Adjustment: - 0 - Module Bonus / 2 seconds per point adjustment.","Passive","Config","False","False","True","False","Starships:1","iit_smwarconfig","SWLOR.Game.Server/Feature/ShipModuleDefinition/ShipConfigurationModuleDefinition.cs"
"con_cap4","NPC Cap Conf 4","Provides several base stats to a ship to allow it to fulfill a role and operate at full capacity:
Armor: + 0 + Module Bonus x 10
Shield: + 0 + Module Bonus x 10
Thermal Attack: + 30 + Module Bonus x 2 +
Thermal Defense: + 325 + Module Bonus x 2
EM Attack: + 30 + Module Bonus x 2
EM Defense: + 220 + Module Bonus x 2
Explosive Attack: + 30 + Module Bonus x 2
Explosive Defense: + 170 + Module Bonus x 2
Accuracy: + 35 + Module Bonus x 2
Evasion: + 0 + Module Bonus x 2
Industrial Level: + 0 + Module Bonus x 2 (Industrial frames only)
Shield Recharge Rate Adjustment: - 0 - Module Bonus / 2 seconds per point adjustment.","Passive","Config","False","False","True","False","Starships:1","iit_smwarconfig","SWLOR.Game.Server/Feature/ShipModuleDefinition/ShipConfigurationModuleDefinition.cs"
"con_cap5","NPC Cap Conf 5","Provides several base stats to a ship to allow it to fulfill a role and operate at full capacity:
Armor: + 0 + Module Bonus x 10
Shield: + 0 + Module Bonus x 10
Thermal Attack: + 30 + Module Bonus x 2 +
Thermal Defense: + 350 + Module Bonus x 2
EM Attack: + 30 + Module Bonus x 2
EM Defense: + 235 + Module Bonus x 2
Explosive Attack: + 30 + Module Bonus x 2
Explosive Defense: + 195 + Module Bonus x 2
Accuracy: + 35 + Module Bonus x 2
Evasion: + 0 + Module Bonus x 2
Industrial Level: + 0 + Module Bonus x 2 (Industrial frames only)
Shield Recharge Rate Adjustment: - 0 - Module Bonus / 2 seconds per point adjustment.","Passive","Config","False","False","True","False","Starships:1","iit_smwarconfig","SWLOR.Game.Server/Feature/ShipModuleDefinition/ShipConfigurationModuleDefinition.cs"
"con_cap6","NPC Cap Conf 6","Provides several base stats to a ship to allow it to fulfill a role and operate at full capacity:
Armor: + 0 + Module Bonus x 10
Shield: + 0 + Module Bonus x 10
Thermal Attack: + 30 + Module Bonus x 2 +
Thermal Defense: + 375 + Module Bonus x 2
EM Attack: + 30 + Module Bonus x 2
EM Defense: + 250 + Module Bonus x 2
Explosive Attack: + 30 + Module Bonus x 2
Explosive Defense: + 210 + Module Bonus x 2
Accuracy: + 40 + Module Bonus x 2
Evasion: + 0 + Module Bonus x 2
Industrial Level: + 0 + Module Bonus x 2 (Industrial frames only)
Shield Recharge Rate Adjustment: - 0 - Module Bonus / 2 seconds per point adjustment.","Passive","Config","False","False","True","False","Starships:1","iit_smwarconfig","SWLOR.Game.Server/Feature/ShipModuleDefinition/ShipConfigurationModuleDefinition.cs"
"con_cap7","NPC Cap Conf 7","Provides several base stats to a ship to allow it to fulfill a role and operate at full capacity:
Armor: + 0 + Module Bonus x 10
Shield: + 0 + Module Bonus x 10
Thermal Attack: + 30 + Module Bonus x 2 +
Thermal Defense: + 400 + Module Bonus x 2
EM Attack: + 30 + Module Bonus x 2
EM Defense: + 275 + Module Bonus x 2
Explosive Attack: + 30 + Module Bonus x 2
Explosive Defense: + 225 + Module Bonus x 2
Accuracy: + 40 + Module Bonus x 2
Evasion: + 0 + Module Bonus x 2
Industrial Level: + 0 + Module Bonus x 2 (Industrial frames only)
Shield Recharge Rate Adjustment: - 0 - Module Bonus / 2 seconds per point adjustment.","Passive","Config","False","False","True","False","Starships:1","iit_smwarconfig","SWLOR.Game.Server/Feature/ShipModuleDefinition/ShipConfigurationModuleDefinition.cs"
"con_fig1","NPC Fig Conf 1","Provides several base stats to a ship to allow it to fulfill a role and operate at full capacity:
Armor: + 0 + Module Bonus x 4
Shield: + 0 + Module Bonus x 4
Thermal Attack: + 0 + Module Bonus x 2 +
Thermal Defense: + 10 + Module Bonus x 2
EM Attack: + 0 + Module Bonus x 2
EM Defense: + 10 + Module Bonus x 2
Explosive Attack: + 0 + Module Bonus x 2
Explosive Defense: + 10 + Module Bonus x 2
Accuracy: + 2 + Module Bonus x 2
Evasion: + 2 + Module Bonus x 2
Industrial Level: + 0 + Module Bonus x 2 (Industrial frames only)","Passive","Config","False","False","False","False","Starships:1","iit_smfigconfig","SWLOR.Game.Server/Feature/ShipModuleDefinition/ShipConfigurationModuleDefinition.cs"
"con_fig2","NPC Fig Conf 2","Provides several base stats to a ship to allow it to fulfill a role and operate at full capacity:
Armor: + 0 + Module Bonus x 4
Shield: + 0 + Module Bonus x 4
Thermal Attack: + 0 + Module Bonus x 2 +
Thermal Defense: + 22 + Module Bonus x 2
EM Attack: + 0 + Module Bonus x 2
EM Defense: + 22 + Module Bonus x 2
Explosive Attack: + 0 + Module Bonus x 2
Explosive Defense: + 22 + Module Bonus x 2
Accuracy: + 5 + Module Bonus x 2
Evasion: + 2 + Module Bonus x 2
Industrial Level: + 0 + Module Bonus x 2 (Industrial frames only)","Passive","Config","False","False","False","False","Starships:1","iit_smfigconfig","SWLOR.Game.Server/Feature/ShipModuleDefinition/ShipConfigurationModuleDefinition.cs"
"con_fig3","NPC Fig Conf 3","Provides several base stats to a ship to allow it to fulfill a role and operate at full capacity:
Armor: + 0 + Module Bonus x 4
Shield: + 0 + Module Bonus x 4
Thermal Attack: + 0 + Module Bonus x 2 +
Thermal Defense: + 35 + Module Bonus x 2
EM Attack: + 0 + Module Bonus x 2
EM Defense: + 35 + Module Bonus x 2
Explosive Attack: + 0 + Module Bonus x 2
Explosive Defense: + 35 + Module Bonus x 2
Accuracy: + 10 + Module Bonus x 2
Evasion: + 2 + Module Bonus x 2
Industrial Level: + 0 + Module Bonus x 2 (Industrial frames only)","Passive","Config","False","False","False","False","Starships:1","iit_smfigconfig","SWLOR.Game.Server/Feature/ShipModuleDefinition/ShipConfigurationModuleDefinition.cs"
"con_fig4","NPC Fig Conf 4","Provides several base stats to a ship to allow it to fulfill a role and operate at full capacity:
Armor: + 0 + Module Bonus x 4
Shield: + 0 + Module Bonus x 4
Thermal Attack: + 0 + Module Bonus x 2 +
Thermal Defense: + 50 + Module Bonus x 2
EM Attack: + 0 + Module Bonus x 2
EM Defense: + 50 + Module Bonus x 2
Explosive Attack: + 0 + Module Bonus x 2
Explosive Defense: + 50 + Module Bonus x 2
Accuracy: + 20 + Module Bonus x 2
Evasion: + 2 + Module Bonus x 2
Industrial Level: + 0 + Module Bonus x 2 (Industrial frames only)","Passive","Config","False","False","False","False","Starships:1","iit_smfigconfig","SWLOR.Game.Server/Feature/ShipModuleDefinition/ShipConfigurationModuleDefinition.cs"
"con_fig5","NPC Fig Conf 5","Provides several base stats to a ship to allow it to fulfill a role and operate at full capacity:
Armor: + 0 + Module Bonus x 4
Shield: + 0 + Module Bonus x 4
Thermal Attack: + 0 + Module Bonus x 2 +
Thermal Defense: + 70 + Module Bonus x 2
EM Attack: + 0 + Module Bonus x 2
EM Defense: + 70 + Module Bonus x 2
Explosive Attack: + 0 + Module Bonus x 2
Explosive Defense: + 70 + Module Bonus x 2
Accuracy: + 30 + Module Bonus x 2
Evasion: + 30 + Module Bonus x 2
Industrial Level: + 0 + Module Bonus x 2 (Industrial frames only)","Passive","Config","False","False","False","False","Starships:1","iit_smfigconfig","SWLOR.Game.Server/Feature/ShipModuleDefinition/ShipConfigurationModuleDefinition.cs"
"con_fig6","NPC Fig Conf 6","Provides several base stats to a ship to allow it to fulfill a role and operate at full capacity:
Armor: + 0 + Module Bonus x 4
Shield: + 0 + Module Bonus x 4
Thermal Attack: + 0 + Module Bonus x 2 +
Thermal Defense: + 90 + Module Bonus x 2
EM Attack: + 0 + Module Bonus x 2
EM Defense: + 90 + Module Bonus x 2
Explosive Attack: + 0 + Module Bonus x 2
Explosive Defense: + 90 + Module Bonus x 2
Accuracy: + 30 + Module Bonus x 2
Evasion: + 30 + Module Bonus x 2
Industrial Level: + 0 + Module Bonus x 2 (Industrial frames only)","Passive","Config","False","False","False","False","Starships:1","iit_smfigconfig","SWLOR.Game.Server/Feature/ShipModuleDefinition/ShipConfigurationModuleDefinition.cs"
"con_hvy1","NPC Hvy Conf 1","Provides several base stats to a ship to allow it to fulfill a role and operate at full capacity:
Armor: + 0 + Module Bonus x 4
Shield: + 0 + Module Bonus x 4
Thermal Attack: + 0 + Module Bonus x 2 +
Thermal Defense: + 15 + Module Bonus x 2
EM Attack: + 0 + Module Bonus x 2
EM Defense: + 15 + Module Bonus x 2
Explosive Attack: + 0 + Module Bonus x 2
Explosive Defense: + 5 + Module Bonus x 2
Accuracy: + 2 + Module Bonus x 2
Evasion: + 2 + Module Bonus x 2
Industrial Level: + 0 + Module Bonus x 2 (Industrial frames only)","Passive","Config","False","False","False","False","Starships:1","iit_smhvyconfig","SWLOR.Game.Server/Feature/ShipModuleDefinition/ShipConfigurationModuleDefinition.cs"
"con_hvy2","NPC Hvy Conf 2","Provides several base stats to a ship to allow it to fulfill a role and operate at full capacity:
Armor: + 0 + Module Bonus x 4
Shield: + 0 + Module Bonus x 4
Thermal Attack: + 0 + Module Bonus x 2 +
Thermal Defense: + 30 + Module Bonus x 2
EM Attack: + 0 + Module Bonus x 2
EM Defense: + 30 + Module Bonus x 2
Explosive Attack: + 0 + Module Bonus x 2
Explosive Defense: + 20 + Module Bonus x 2
Accuracy: + 5 + Module Bonus x 2
Evasion: + 2 + Module Bonus x 2
Industrial Level: + 0 + Module Bonus x 2 (Industrial frames only)","Passive","Config","False","False","False","False","Starships:1","iit_smhvyconfig","SWLOR.Game.Server/Feature/ShipModuleDefinition/ShipConfigurationModuleDefinition.cs"
"con_hvy3","NPC Hvy Conf 3","Provides several base stats to a ship to allow it to fulfill a role and operate at full capacity:
Armor: + 0 + Module Bonus x 4
Shield: + 0 + Module Bonus x 4
Thermal Attack: + 0 + Module Bonus x 2 +
Thermal Defense: + 45 + Module Bonus x 2
EM Attack: + 0 + Module Bonus x 2
EM Defense: + 45 + Module Bonus x 2
Explosive Attack: + 0 + Module Bonus x 2
Explosive Defense: + 35 + Module Bonus x 2
Accuracy: + 10 + Module Bonus x 2
Evasion: + 2 + Module Bonus x 2
Industrial Level: + 0 + Module Bonus x 2 (Industrial frames only)","Passive","Config","False","False","False","False","Starships:1","iit_smhvyconfig","SWLOR.Game.Server/Feature/ShipModuleDefinition/ShipConfigurationModuleDefinition.cs"
"con_hvy4","NPC Hvy Conf 4","Provides several base stats to a ship to allow it to fulfill a role and operate at full capacity:
Armor: + 0 + Module Bonus x 4
Shield: + 0 + Module Bonus x 4
Thermal Attack: + 0 + Module Bonus x 2 +
Thermal Defense: + 70 + Module Bonus x 2
EM Attack: + 0 + Module Bonus x 2
EM Defense: + 70 + Module Bonus x 2
Explosive Attack: + 0 + Module Bonus x 2
Explosive Defense: + 50 + Module Bonus x 2
Accuracy: + 20 + Module Bonus x 2
Evasion: + 2 + Module Bonus x 2
Industrial Level: + 0 + Module Bonus x 2 (Industrial frames only)","Passive","Config","False","False","False","False","Starships:1","iit_smhvyconfig","SWLOR.Game.Server/Feature/ShipModuleDefinition/ShipConfigurationModuleDefinition.cs"
"con_hvy5","NPC Hvy Conf 5","Provides several base stats to a ship to allow it to fulfill a role and operate at full capacity:
Armor: + 0 + Module Bonus x 4
Shield: + 0 + Module Bonus x 4
Thermal Attack: + 0 + Module Bonus x 2 +
Thermal Defense: + 85 + Module Bonus x 2
EM Attack: + 0 + Module Bonus x 2
EM Defense: + 85 + Module Bonus x 2
Explosive Attack: + 0 + Module Bonus x 2
Explosive Defense: + 65 + Module Bonus x 2
Accuracy: + 30 + Module Bonus x 2
Evasion: + 30 + Module Bonus x 2
Industrial Level: + 0 + Module Bonus x 2 (Industrial frames only)","Passive","Config","False","False","False","False","Starships:1","iit_smhvyconfig","SWLOR.Game.Server/Feature/ShipModuleDefinition/ShipConfigurationModuleDefinition.cs"
"con_hvy6","NPC Hvy Conf 6","Provides several base stats to a ship to allow it to fulfill a role and operate at full capacity:
Armor: + 0 + Module Bonus x 4
Shield: + 0 + Module Bonus x 4
Thermal Attack: + 0 + Module Bonus x 2 +
Thermal Defense: + 100 + Module Bonus x 2
EM Attack: + 0 + Module Bonus x 2
EM Defense: + 100 + Module Bonus x 2
Explosive Attack: + 0 + Module Bonus x 2
Explosive Defense: + 80 + Module Bonus x 2
Accuracy: + 30 + Module Bonus x 2
Evasion: + 30 + Module Bonus x 2
Industrial Level: + 0 + Module Bonus x 2 (Industrial frames only)","Passive","Config","False","False","False","False","Starships:1","iit_smhvyconfig","SWLOR.Game.Server/Feature/ShipModuleDefinition/ShipConfigurationModuleDefinition.cs"
"con_int1","NPC Int Conf 1","Provides several base stats to a ship to allow it to fulfill a role and operate at full capacity:
Armor: + 0 + Module Bonus x 4
Shield: + 0 + Module Bonus x 4
Thermal Attack: + 0 + Module Bonus x 2 +
Thermal Defense: + 8 + Module Bonus x 2
EM Attack: + 0 + Module Bonus x 2
EM Defense: + 10 + Module Bonus x 2
Explosive Attack: + 0 + Module Bonus x 2
Explosive Defense: + 20 + Module Bonus x 2
Accuracy: + 2 + Module Bonus x 2
Evasion: + 2 + Module Bonus x 2
Industrial Level: + 0 + Module Bonus x 2 (Industrial frames only)","Passive","Config","False","False","False","False","Starships:1","iit_smintconfig","SWLOR.Game.Server/Feature/ShipModuleDefinition/ShipConfigurationModuleDefinition.cs"
"con_int2","NPC Int Conf 2","Provides several base stats to a ship to allow it to fulfill a role and operate at full capacity:
Armor: + 0 + Module Bonus x 4
Shield: + 0 + Module Bonus x 4
Thermal Attack: + 0 + Module Bonus x 2 +
Thermal Defense: + 15 + Module Bonus x 2
EM Attack: + 0 + Module Bonus x 2
EM Defense: + 22 + Module Bonus x 2
Explosive Attack: + 0 + Module Bonus x 2
Explosive Defense: + 35 + Module Bonus x 2
Accuracy: + 5 + Module Bonus x 2
Evasion: + 2 + Module Bonus x 2
Industrial Level: + 0 + Module Bonus x 2 (Industrial frames only)","Passive","Config","False","False","False","False","Starships:1","iit_smintconfig","SWLOR.Game.Server/Feature/ShipModuleDefinition/ShipConfigurationModuleDefinition.cs"
"con_int3","NPC Int Conf 3","Provides several base stats to a ship to allow it to fulfill a role and operate at full capacity:
Armor: + 0 + Module Bonus x 4
Shield: + 0 + Module Bonus x 4
Thermal Attack: + 0 + Module Bonus x 2 +
Thermal Defense: + 22 + Module Bonus x 2
EM Attack: + 0 + Module Bonus x 2
EM Defense: + 35 + Module Bonus x 2
Explosive Attack: + 0 + Module Bonus x 2
Explosive Defense: + 50 + Module Bonus x 2
Accuracy: + 10 + Module Bonus x 2
Evasion: + 2 + Module Bonus x 2
Industrial Level: + 0 + Module Bonus x 2 (Industrial frames only)","Passive","Config","False","False","False","False","Starships:1","iit_smintconfig","SWLOR.Game.Server/Feature/ShipModuleDefinition/ShipConfigurationModuleDefinition.cs"
"con_int4","NPC Int Conf 4","Provides several base stats to a ship to allow it to fulfill a role and operate at full capacity:
Armor: + 0 + Module Bonus x 4
Shield: + 0 + Module Bonus x 4
Thermal Attack: + 0 + Module Bonus x 2 +
Thermal Defense: + 35 + Module Bonus x 2
EM Attack: + 0 + Module Bonus x 2
EM Defense: + 50 + Module Bonus x 2
Explosive Attack: + 0 + Module Bonus x 2
Explosive Defense: + 70 + Module Bonus x 2
Accuracy: + 20 + Module Bonus x 2
Evasion: + 2 + Module Bonus x 2
Industrial Level: + 0 + Module Bonus x 2 (Industrial frames only)","Passive","Config","False","False","False","False","Starships:1","iit_smintconfig","SWLOR.Game.Server/Feature/ShipModuleDefinition/ShipConfigurationModuleDefinition.cs"
"con_int5","NPC Int Conf 5","Provides several base stats to a ship to allow it to fulfill a role and operate at full capacity:
Armor: + 0 + Module Bonus x 4
Shield: + 0 + Module Bonus x 4
Thermal Attack: + 0 + Module Bonus x 2 +
Thermal Defense: + 50 + Module Bonus x 2
EM Attack: + 0 + Module Bonus x 2
EM Defense: + 70 + Module Bonus x 2
Explosive Attack: + 0 + Module Bonus x 2
Explosive Defense: + 90 + Module Bonus x 2
Accuracy: + 30 + Module Bonus x 2
Evasion: + 30 + Module Bonus x 2
Industrial Level: + 0 + Module Bonus x 2 (Industrial frames only)","Passive","Config","False","False","False","False","Starships:1","iit_smintconfig","SWLOR.Game.Server/Feature/ShipModuleDefinition/ShipConfigurationModuleDefinition.cs"
"con_int6","NPC Int Conf 6","Provides several base stats to a ship to allow it to fulfill a role and operate at full capacity:
Armor: + 0 + Module Bonus x 4
Shield: + 0 + Module Bonus x 4
Thermal Attack: + 0 + Module Bonus x 2 +
Thermal Defense: + 70 + Module Bonus x 2
EM Attack: + 0 + Module Bonus x 2
EM Defense: + 90 + Module Bonus x 2
Explosive Attack: + 0 + Module Bonus x 2
Explosive Defense: + 115 + Module Bonus x 2
Accuracy: + 30 + Module Bonus x 2
Evasion: + 30 + Module Bonus x 2
Industrial Level: + 0 + Module Bonus x 2 (Industrial frames only)","Passive","Config","False","False","False","False","Starships:1","iit_smintconfig","SWLOR.Game.Server/Feature/ShipModuleDefinition/ShipConfigurationModuleDefinition.cs"
"config_bmb1","Basic Bomber Configuration","Provides several base stats to a ship to allow it to fulfill a role and operate at full capacity:
Armor: + 10 + Module Bonus x 4
Shield: + 10 + Module Bonus x 4
Thermal Attack: + 0 + Module Bonus x 2 +
Thermal Defense: + 20 + Module Bonus x 2
EM Attack: + 0 + Module Bonus x 2
EM Defense: + 10 + Module Bonus x 2
Explosive Attack: + 5 + Module Bonus x 2
Explosive Defense: + 7 + Module Bonus x 2
Accuracy: + 4 + Module Bonus x 2
Evasion: + 0 + Module Bonus x 2
Industrial Level: + 0 + Module Bonus x 2 (Industrial frames only)","Passive","Config","False","False","False","False","Starships:1","iit_smbmbconfig","SWLOR.Game.Server/Feature/ShipModuleDefinition/ShipConfigurationModuleDefinition.cs"
"config_bmb2","Bomber Configuration I","Provides several base stats to a ship to allow it to fulfill a role and operate at full capacity:
Armor: + 25 + Module Bonus x 4
Shield: + 25 + Module Bonus x 4
Thermal Attack: + 0 + Module Bonus x 2 +
Thermal Defense: + 40 + Module Bonus x 2
EM Attack: + 0 + Module Bonus x 2
EM Defense: + 25 + Module Bonus x 2
Explosive Attack: + 10 + Module Bonus x 2
Explosive Defense: + 15 + Module Bonus x 2
Accuracy: + 8 + Module Bonus x 2
Evasion: + 0 + Module Bonus x 2
Industrial Level: + 0 + Module Bonus x 2 (Industrial frames only)","Passive","Config","False","False","False","False","Starships:2","iit_smbmbconfig","SWLOR.Game.Server/Feature/ShipModuleDefinition/ShipConfigurationModuleDefinition.cs"
"config_bmb3","Bomber Configuration II","Provides several base stats to a ship to allow it to fulfill a role and operate at full capacity:
Armor: + 40 + Module Bonus x 4
Shield: + 40 + Module Bonus x 4
Thermal Attack: + 0 + Module Bonus x 2 +
Thermal Defense: + 90 + Module Bonus x 2
EM Attack: + 0 + Module Bonus x 2
EM Defense: + 60 + Module Bonus x 2
Explosive Attack: + 20 + Module Bonus x 2
Explosive Defense: + 40 + Module Bonus x 2
Accuracy: + 12 + Module Bonus x 2
Evasion: + 5 + Module Bonus x 2
Industrial Level: + 0 + Module Bonus x 2 (Industrial frames only)","Passive","Config","False","False","False","False","Starships:3","iit_smbmbconfig","SWLOR.Game.Server/Feature/ShipModuleDefinition/ShipConfigurationModuleDefinition.cs"
"config_bmb4","Bomber Configuration III","Provides several base stats to a ship to allow it to fulfill a role and operate at full capacity:
Armor: + 75 + Module Bonus x 4
Shield: + 75 + Module Bonus x 4
Thermal Attack: + 0 + Module Bonus x 2 +
Thermal Defense: + 120 + Module Bonus x 2
EM Attack: + 0 + Module Bonus x 2
EM Defense: + 100 + Module Bonus x 2
Explosive Attack: + 35 + Module Bonus x 2
Explosive Defense: + 75 + Module Bonus x 2
Accuracy: + 25 + Module Bonus x 2
Evasion: + 10 + Module Bonus x 2
Industrial Level: + 0 + Module Bonus x 2 (Industrial frames only)","Passive","Config","False","False","False","False","Starships:4","iit_smbmbconfig","SWLOR.Game.Server/Feature/ShipModuleDefinition/ShipConfigurationModuleDefinition.cs"
"config_bmb5","Bomber Configuration IV","Provides several base stats to a ship to allow it to fulfill a role and operate at full capacity:
Armor: + 100 + Module Bonus x 4
Shield: + 100 + Module Bonus x 4
Thermal Attack: + 0 + Module Bonus x 2 +
Thermal Defense: + 150 + Module Bonus x 2
EM Attack: + 0 + Module Bonus x 2
EM Defense: + 130 + Module Bonus x 2
Explosive Attack: + 50 + Module Bonus x 2
Explosive Defense: + 100 + Module Bonus x 2
Accuracy: + 40 + Module Bonus x 2
Evasion: + 20 + Module Bonus x 2
Industrial Level: + 0 + Module Bonus x 2 (Industrial frames only)","Passive","Config","False","False","False","False","Starships:5","iit_smbmbconfig","SWLOR.Game.Server/Feature/ShipModuleDefinition/ShipConfigurationModuleDefinition.cs"
"config_fig1","Basic Fighter Configuration","Provides several base stats to a ship to allow it to fulfill a role and operate at full capacity:
Armor: + 10 + Module Bonus x 4
Shield: + 10 + Module Bonus x 4
Thermal Attack: + 0 + Module Bonus x 2 +
Thermal Defense: + 10 + Module Bonus x 2
EM Attack: + 3 + Module Bonus x 2
EM Defense: + 10 + Module Bonus x 2
Explosive Attack: + 0 + Module Bonus x 2
Explosive Defense: + 10 + Module Bonus x 2
Accuracy: + 2 + Module Bonus x 2
Evasion: + 2 + Module Bonus x 2
Industrial Level: + 0 + Module Bonus x 2 (Industrial frames only)","Passive","Config","False","False","False","False","Starships:1","iit_smfigconfig","SWLOR.Game.Server/Feature/ShipModuleDefinition/ShipConfigurationModuleDefinition.cs"
"config_fig2","Fighter Configuration I","Provides several base stats to a ship to allow it to fulfill a role and operate at full capacity:
Armor: + 25 + Module Bonus x 4
Shield: + 25 + Module Bonus x 4
Thermal Attack: + 0 + Module Bonus x 2 +
Thermal Defense: + 25 + Module Bonus x 2
EM Attack: + 8 + Module Bonus x 2
EM Defense: + 25 + Module Bonus x 2
Explosive Attack: + 0 + Module Bonus x 2
Explosive Defense: + 25 + Module Bonus x 2
Accuracy: + 5 + Module Bonus x 2
Evasion: + 5 + Module Bonus x 2
Industrial Level: + 0 + Module Bonus x 2 (Industrial frames only)","Passive","Config","False","False","False","False","Starships:2","iit_smfigconfig","SWLOR.Game.Server/Feature/ShipModuleDefinition/ShipConfigurationModuleDefinition.cs"
"config_fig3","Fighter Configuration II","Provides several base stats to a ship to allow it to fulfill a role and operate at full capacity:
Armor: + 40 + Module Bonus x 4
Shield: + 40 + Module Bonus x 4
Thermal Attack: + 0 + Module Bonus x 2 +
Thermal Defense: + 60 + Module Bonus x 2
EM Attack: + 14 + Module Bonus x 2
EM Defense: + 60 + Module Bonus x 2
Explosive Attack: + 0 + Module Bonus x 2
Explosive Defense: + 60 + Module Bonus x 2
Accuracy: + 10 + Module Bonus x 2
Evasion: + 10 + Module Bonus x 2
Industrial Level: + 0 + Module Bonus x 2 (Industrial frames only)","Passive","Config","False","False","False","False","Starships:3","iit_smfigconfig","SWLOR.Game.Server/Feature/ShipModuleDefinition/ShipConfigurationModuleDefinition.cs"
"config_fig4","Fighter Configuration III","Provides several base stats to a ship to allow it to fulfill a role and operate at full capacity:
Armor: + 75 + Module Bonus x 4
Shield: + 75 + Module Bonus x 4
Thermal Attack: + 0 + Module Bonus x 2 +
Thermal Defense: + 100 + Module Bonus x 2
EM Attack: + 25 + Module Bonus x 2
EM Defense: + 100 + Module Bonus x 2
Explosive Attack: + 0 + Module Bonus x 2
Explosive Defense: + 100 + Module Bonus x 2
Accuracy: + 20 + Module Bonus x 2
Evasion: + 20 + Module Bonus x 2
Industrial Level: + 0 + Module Bonus x 2 (Industrial frames only)","Passive","Config","False","False","False","False","Starships:4","iit_smfigconfig","SWLOR.Game.Server/Feature/ShipModuleDefinition/ShipConfigurationModuleDefinition.cs"
"config_fig5","Fighter Configuration IV","Provides several base stats to a ship to allow it to fulfill a role and operate at full capacity:
Armor: + 100 + Module Bonus x 4
Shield: + 100 + Module Bonus x 4
Thermal Attack: + 0 + Module Bonus x 2 +
Thermal Defense: + 130 + Module Bonus x 2
EM Attack: + 35 + Module Bonus x 2
EM Defense: + 130 + Module Bonus x 2
Explosive Attack: + 0 + Module Bonus x 2
Explosive Defense: + 130 + Module Bonus x 2
Accuracy: + 30 + Module Bonus x 2
Evasion: + 30 + Module Bonus x 2
Industrial Level: + 0 + Module Bonus x 2 (Industrial frames only)","Passive","Config","False","False","False","False","Starships:5","iit_smfigconfig","SWLOR.Game.Server/Feature/ShipModuleDefinition/ShipConfigurationModuleDefinition.cs"
"config_ind1","Basic Logistics Configuration","Provides several base stats to a ship to allow it to fulfill a role and operate at full capacity:
Armor: + 20 + Module Bonus x 4
Shield: + 20 + Module Bonus x 4
Thermal Attack: + 0 + Module Bonus x 2 +
Thermal Defense: + 7 + Module Bonus x 2
EM Attack: + 0 + Module Bonus x 2
EM Defense: + 7 + Module Bonus x 2
Explosive Attack: + 0 + Module Bonus x 2
Explosive Defense: + 7 + Module Bonus x 2
Accuracy: + 0 + Module Bonus x 2
Evasion: + 0 + Module Bonus x 2
Industrial Level: + 2 + Module Bonus x 2 (Industrial frames only)","Passive","Config","False","False","False","False","Starships:1","iit_smlogconfig","SWLOR.Game.Server/Feature/ShipModuleDefinition/ShipConfigurationModuleDefinition.cs"
"config_ind2","Logistics Configuration I","Provides several base stats to a ship to allow it to fulfill a role and operate at full capacity:
Armor: + 50 + Module Bonus x 4
Shield: + 50 + Module Bonus x 4
Thermal Attack: + 0 + Module Bonus x 2 +
Thermal Defense: + 15 + Module Bonus x 2
EM Attack: + 0 + Module Bonus x 2
EM Defense: + 15 + Module Bonus x 2
Explosive Attack: + 0 + Module Bonus x 2
Explosive Defense: + 15 + Module Bonus x 2
Accuracy: + 0 + Module Bonus x 2
Evasion: + 0 + Module Bonus x 2
Industrial Level: + 4 + Module Bonus x 2 (Industrial frames only)","Passive","Config","False","False","False","False","Starships:2","iit_smlogconfig","SWLOR.Game.Server/Feature/ShipModuleDefinition/ShipConfigurationModuleDefinition.cs"
"config_ind3","Logistics Configuration II","Provides several base stats to a ship to allow it to fulfill a role and operate at full capacity:
Armor: + 80 + Module Bonus x 4
Shield: + 80 + Module Bonus x 4
Thermal Attack: + 0 + Module Bonus x 2 +
Thermal Defense: + 40 + Module Bonus x 2
EM Attack: + 0 + Module Bonus x 2
EM Defense: + 40 + Module Bonus x 2
Explosive Attack: + 0 + Module Bonus x 2
Explosive Defense: + 40 + Module Bonus x 2
Accuracy: + 0 + Module Bonus x 2
Evasion: + 0 + Module Bonus x 2
Industrial Level: + 6 + Module Bonus x 2 (Industrial frames only)","Passive","Config","False","False","False","False","Starships:3","iit_smlogconfig","SWLOR.Game.Server/Feature/ShipModuleDefinition/ShipConfigurationModuleDefinition.cs"
"config_ind4","Logistics Configuration III","Provides several base stats to a ship to allow it to fulfill a role and operate at full capacity:
Armor: + 150 + Module Bonus x 4
Shield: + 150 + Module Bonus x 4
Thermal Attack: + 0 + Module Bonus x 2 +
Thermal Defense: + 75 + Module Bonus x 2
EM Attack: + 0 + Module Bonus x 2
EM Defense: + 75 + Module Bonus x 2
Explosive Attack: + 0 + Module Bonus x 2
Explosive Defense: + 75 + Module Bonus x 2
Accuracy: + 0 + Module Bonus x 2
Evasion: + 0 + Module Bonus x 2
Industrial Level: + 8 + Module Bonus x 2 (Industrial frames only)","Passive","Config","False","False","False","False","Starships:4","iit_smlogconfig","SWLOR.Game.Server/Feature/ShipModuleDefinition/ShipConfigurationModuleDefinition.cs"
"config_ind5","Logistics Configuration IV","Provides several base stats to a ship to allow it to fulfill a role and operate at full capacity:
Armor: + 300 + Module Bonus x 4
Shield: + 300 + Module Bonus x 4
Thermal Attack: + 0 + Module Bonus x 2 +
Thermal Defense: + 100 + Module Bonus x 2
EM Attack: + 0 + Module Bonus x 2
EM Defense: + 100 + Module Bonus x 2
Explosive Attack: + 0 + Module Bonus x 2
Explosive Defense: + 100 + Module Bonus x 2
Accuracy: + 0 + Module Bonus x 2
Evasion: + 0 + Module Bonus x 2
Industrial Level: + 10 + Module Bonus x 2 (Industrial frames only)","Passive","Config","False","False","False","False","Starships:5","iit_smlogconfig","SWLOR.Game.Server/Feature/ShipModuleDefinition/ShipConfigurationModuleDefinition.cs"
"config_int1","Basic Interceptor Configuration","Provides several base stats to a ship to allow it to fulfill a role and operate at full capacity:
Armor: + 5 + Module Bonus x 4
Shield: + 5 + Module Bonus x 4
Thermal Attack: + 5 + Module Bonus x 2 +
Thermal Defense: + 10 + Module Bonus x 2
EM Attack: + 0 + Module Bonus x 2
EM Defense: + 10 + Module Bonus x 2
Explosive Attack: + 0 + Module Bonus x 2
Explosive Defense: + 20 + Module Bonus x 2
Accuracy: + 2 + Module Bonus x 2
Evasion: + 4 + Module Bonus x 2
Industrial Level: + 0 + Module Bonus x 2 (Industrial frames only)","Passive","Config","False","False","False","False","Starships:1","iit_smintconfig","SWLOR.Game.Server/Feature/ShipModuleDefinition/ShipConfigurationModuleDefinition.cs"
"config_int2","Interceptor Configuration I","Provides several base stats to a ship to allow it to fulfill a role and operate at full capacity:
Armor: + 15 + Module Bonus x 4
Shield: + 15 + Module Bonus x 4
Thermal Attack: + 10 + Module Bonus x 2 +
Thermal Defense: + 25 + Module Bonus x 2
EM Attack: + 0 + Module Bonus x 2
EM Defense: + 25 + Module Bonus x 2
Explosive Attack: + 0 + Module Bonus x 2
Explosive Defense: + 40 + Module Bonus x 2
Accuracy: + 5 + Module Bonus x 2
Evasion: + 8 + Module Bonus x 2
Industrial Level: + 0 + Module Bonus x 2 (Industrial frames only)","Passive","Config","False","False","False","False","Starships:2","iit_smintconfig","SWLOR.Game.Server/Feature/ShipModuleDefinition/ShipConfigurationModuleDefinition.cs"
"config_int3","Interceptor Configuration II","Provides several base stats to a ship to allow it to fulfill a role and operate at full capacity:
Armor: + 25 + Module Bonus x 4
Shield: + 25 + Module Bonus x 4
Thermal Attack: + 20 + Module Bonus x 2 +
Thermal Defense: + 60 + Module Bonus x 2
EM Attack: + 0 + Module Bonus x 2
EM Defense: + 60 + Module Bonus x 2
Explosive Attack: + 0 + Module Bonus x 2
Explosive Defense: + 90 + Module Bonus x 2
Accuracy: + 10 + Module Bonus x 2
Evasion: + 12 + Module Bonus x 2
Industrial Level: + 0 + Module Bonus x 2 (Industrial frames only)","Passive","Config","False","False","False","False","Starships:3","iit_smintconfig","SWLOR.Game.Server/Feature/ShipModuleDefinition/ShipConfigurationModuleDefinition.cs"
"config_int4","Interceptor Configuration III","Provides several base stats to a ship to allow it to fulfill a role and operate at full capacity:
Armor: + 50 + Module Bonus x 4
Shield: + 50 + Module Bonus x 4
Thermal Attack: + 35 + Module Bonus x 2 +
Thermal Defense: + 100 + Module Bonus x 2
EM Attack: + 0 + Module Bonus x 2
EM Defense: + 100 + Module Bonus x 2
Explosive Attack: + 0 + Module Bonus x 2
Explosive Defense: + 120 + Module Bonus x 2
Accuracy: + 20 + Module Bonus x 2
Evasion: + 25 + Module Bonus x 2
Industrial Level: + 0 + Module Bonus x 2 (Industrial frames only)","Passive","Config","False","False","False","False","Starships:4","iit_smintconfig","SWLOR.Game.Server/Feature/ShipModuleDefinition/ShipConfigurationModuleDefinition.cs"
"config_int5","Interceptor Configuration IV","Provides several base stats to a ship to allow it to fulfill a role and operate at full capacity:
Armor: + 70 + Module Bonus x 4
Shield: + 70 + Module Bonus x 4
Thermal Attack: + 50 + Module Bonus x 2 +
Thermal Defense: + 130 + Module Bonus x 2
EM Attack: + 0 + Module Bonus x 2
EM Defense: + 130 + Module Bonus x 2
Explosive Attack: + 0 + Module Bonus x 2
Explosive Defense: + 150 + Module Bonus x 2
Accuracy: + 30 + Module Bonus x 2
Evasion: + 50 + Module Bonus x 2
Industrial Level: + 0 + Module Bonus x 2 (Industrial frames only)","Passive","Config","False","False","False","False","Starships:5","iit_smintconfig","SWLOR.Game.Server/Feature/ShipModuleDefinition/ShipConfigurationModuleDefinition.cs"
"em_amp_1","EM Amplifier I","Improves a ship's EM attack by 4.","Passive","Low","False","False","False","False","OffensiveModules:2","iit_smemamp","SWLOR.Game.Server/Feature/ShipModuleDefinition/DamageAmplifierModuleDefinition.cs"
"em_amp_2","EM Amplifier II","Improves a ship's EM attack by 6.","Passive","Low","False","False","False","False","OffensiveModules:3","iit_smemamp","SWLOR.Game.Server/Feature/ShipModuleDefinition/DamageAmplifierModuleDefinition.cs"
"em_amp_3","EM Amplifier III","Improves a ship's EM attack by 8.","Passive","Low","False","False","False","False","OffensiveModules:4","iit_smemamp","SWLOR.Game.Server/Feature/ShipModuleDefinition/DamageAmplifierModuleDefinition.cs"
"em_amp_4","EM Amplifier IV","Improves a ship's EM attack by 10.","Passive","Low","False","False","False","False","OffensiveModules:5","iit_smemamp","SWLOR.Game.Server/Feature/ShipModuleDefinition/DamageAmplifierModuleDefinition.cs"
"em_amp_b","Basic EM Amplifier","Improves a ship's EM attack by 2.","Passive","Low","False","False","False","False","OffensiveModules:1","iit_smemamp","SWLOR.Game.Server/Feature/ShipModuleDefinition/DamageAmplifierModuleDefinition.cs"
"eva_boost_1","Evasion Booster I","Improves a ship's evasion by 4.","Passive","Low","False","False","False","False","DefensiveModules:2","iit_smevaboost","SWLOR.Game.Server/Feature/ShipModuleDefinition/EvasionBoosterModuleDefinition.cs"
"eva_boost_2","Evasion Booster II","Improves a ship's evasion by 6.","Passive","Low","False","False","False","False","DefensiveModules:3","iit_smevaboost","SWLOR.Game.Server/Feature/ShipModuleDefinition/EvasionBoosterModuleDefinition.cs"
"eva_boost_3","Evasion Booster III","Improves a ship's evasion by 8.","Passive","Low","False","False","False","False","DefensiveModules:4","iit_smevaboost","SWLOR.Game.Server/Feature/ShipModuleDefinition/EvasionBoosterModuleDefinition.cs"
"eva_boost_4","Evasion Booster IV","Improves a ship's evasion by 10.","Passive","Low","False","False","False","False","DefensiveModules:5","iit_smevaboost","SWLOR.Game.Server/Feature/ShipModuleDefinition/EvasionBoosterModuleDefinition.cs"
"eva_boost_b","Basic Evasion Booster","Improves a ship's evasion by 2.","Passive","Low","False","False","False","False","DefensiveModules:1","iit_smevaboost","SWLOR.Game.Server/Feature/ShipModuleDefinition/EvasionBoosterModuleDefinition.cs"
"exp_amp_1","Explosive Amplifier I","Improves a ship's explosive attack by 4.","Passive","Low","False","False","False","False","OffensiveModules:2","iit_smexpamp","SWLOR.Game.Server/Feature/ShipModuleDefinition/DamageAmplifierModuleDefinition.cs"
"exp_amp_2","Explosive Amplifier II","Improves a ship's explosive attack by 6.","Passive","Low","False","False","False","False","OffensiveModules:3","iit_smexpamp","SWLOR.Game.Server/Feature/ShipModuleDefinition/DamageAmplifierModuleDefinition.cs"
"exp_amp_3","Explosive Amplifier III","Improves a ship's explosive attack by 8.","Passive","Low","False","False","False","False","OffensiveModules:4","iit_smexpamp","SWLOR.Game.Server/Feature/ShipModuleDefinition/DamageAmplifierModuleDefinition.cs"
"exp_amp_4","Explosive Amplifier IV","Improves a ship's explosive attack by 10.","Passive","Low","False","False","False","False","OffensiveModules:5","iit_smexpamp","SWLOR.Game.Server/Feature/ShipModuleDefinition/DamageAmplifierModuleDefinition.cs"
"exp_amp_b","Basic Explosive Amplifier","Improves a ship's explosive attack by 2.","Passive","Low","False","False","False","False","OffensiveModules:1","iit_smexpamp","SWLOR.Game.Server/Feature/ShipModuleDefinition/DamageAmplifierModuleDefinition.cs"
"exp_armor_1","Basic Reactive Armor","Improves a ship's explosive defense by 4.","Passive","Low","False","False","False","False","DefensiveModules:1","iit_smreactarmor","SWLOR.Game.Server/Feature/ShipModuleDefinition/ShipArmorModuleDefinition.cs"
"exp_armor_2","Reactive Armor I","Improves a ship's explosive defense by 8.","Passive","Low","False","False","False","False","DefensiveModules:2","iit_smreactarmor","SWLOR.Game.Server/Feature/ShipModuleDefinition/ShipArmorModuleDefinition.cs"
"exp_armor_3","Reactive Armor II","Improves a ship's explosive defense by 12.","Passive","Low","False","False","False","False","DefensiveModules:3","iit_smreactarmor","SWLOR.Game.Server/Feature/ShipModuleDefinition/ShipArmorModuleDefinition.cs"
"exp_armor_4","Reactive Armor III","Improves a ship's explosive defense by 16.","Passive","Low","False","False","False","False","DefensiveModules:4","iit_smreactarmor","SWLOR.Game.Server/Feature/ShipModuleDefinition/ShipArmorModuleDefinition.cs"
"exp_armor_5","Reactive Armor IV","Improves a ship's explosive defense by 20.","Passive","Low","False","False","False","False","DefensiveModules:5","iit_smreactarmor","SWLOR.Game.Server/Feature/ShipModuleDefinition/ShipArmorModuleDefinition.cs"
"hull_boost_1","Hull Booster I","Improves a ship's maximum hull by 16.","Passive","Low","False","False","False","False","DefensiveModules:2","iit_smhullboost","SWLOR.Game.Server/Feature/ShipModuleDefinition/HullBoosterModuleDefinition.cs"
"hull_boost_2","Hull Booster II","Improves a ship's maximum hull by 24.","Passive","Low","False","False","False","False","DefensiveModules:3","iit_smhullboost","SWLOR.Game.Server/Feature/ShipModuleDefinition/HullBoosterModuleDefinition.cs"
"hull_boost_3","Hull Booster III","Improves a ship's maximum hull by 32.","Passive","Low","False","False","False","False","DefensiveModules:4","iit_smhullboost","SWLOR.Game.Server/Feature/ShipModuleDefinition/HullBoosterModuleDefinition.cs"
"hull_boost_4","Hull Booster IV","Improves a ship's maximum hull by 40.","Passive","Low","False","False","False","False","DefensiveModules:5","iit_smhullboost","SWLOR.Game.Server/Feature/ShipModuleDefinition/HullBoosterModuleDefinition.cs"
"hull_boost_b","Basic Hull Booster","Improves a ship's maximum hull by 8.","Passive","Low","False","False","False","False","DefensiveModules:1","iit_smhullboost","SWLOR.Game.Server/Feature/ShipModuleDefinition/HullBoosterModuleDefinition.cs"
"hull_rep_1","Hull Repairer I","Restores targeted or user ship's hull HP by 14.","HullRepairer","High","True","True","False","True","DefensiveModules:2","iit_smhullrepair","SWLOR.Game.Server/Feature/ShipModuleDefinition/HullRepairerModuleDefinition.cs"
"hull_rep_2","Hull Repairer II","Restores targeted or user ship's hull HP by 21.","HullRepairer","High","True","True","False","True","DefensiveModules:3","iit_smhullrepair","SWLOR.Game.Server/Feature/ShipModuleDefinition/HullRepairerModuleDefinition.cs"
"hull_rep_3","Hull Repairer III","Restores targeted or user ship's hull HP by 28.","HullRepairer","High","True","True","False","True","DefensiveModules:4","iit_smhullrepair","SWLOR.Game.Server/Feature/ShipModuleDefinition/HullRepairerModuleDefinition.cs"
"hull_rep_4","Hull Repairer IV","Restores targeted or user ship's hull HP by 35.","HullRepairer","High","True","True","False","True","DefensiveModules:5","iit_smhullrepair","SWLOR.Game.Server/Feature/ShipModuleDefinition/HullRepairerModuleDefinition.cs"
"hull_rep_b","Basic Hull Repairer","Restores targeted or user ship's hull HP by 7.","HullRepairer","High","True","True","False","True","DefensiveModules:1","iit_smhullrepair","SWLOR.Game.Server/Feature/ShipModuleDefinition/HullRepairerModuleDefinition.cs"
"hvy_armor_1","Basic Durasteel Plating","Improves a ship's overall defenses by 2 at the cost of 2 evasion.","Passive","Low","False","False","False","False","DefensiveModules:1","iit_smdurarmor","SWLOR.Game.Server/Feature/ShipModuleDefinition/ShipArmorModuleDefinition.cs"
"hvy_armor_2","Durasteel Plating I","Improves a ship's overall defenses by 4 at the cost of 4 evasion.","Passive","Low","False","False","False","False","DefensiveModules:2","iit_smdurarmor","SWLOR.Game.Server/Feature/ShipModuleDefinition/ShipArmorModuleDefinition.cs"
"hvy_armor_3","Durasteel Plating II","Improves a ship's overall defenses by 6 at the cost of 6 evasion.","Passive","Low","False","False","False","False","DefensiveModules:3","iit_smdurarmor","SWLOR.Game.Server/Feature/ShipModuleDefinition/ShipArmorModuleDefinition.cs"
"hvy_armor_4","Durasteel Plating III","Improves a ship's overall defenses by 8 at the cost of 8 evasion.","Passive","Low","False","False","False","False","DefensiveModules:4","iit_smdurarmor","SWLOR.Game.Server/Feature/ShipModuleDefinition/ShipArmorModuleDefinition.cs"
"hvy_armor_5","Durasteel Plating IV","Improves a ship's overall defenses by 10 at the cost of 10 evasion.","Passive","Low","False","False","False","False","DefensiveModules:5","iit_smdurarmor","SWLOR.Game.Server/Feature/ShipModuleDefinition/ShipArmorModuleDefinition.cs"
"ion_armor_1","Basic Supplemental Ion Shielding","Improves a ship's EM defense by 4.","Passive","Low","False","False","False","False","DefensiveModules:1","iit_smionarmor","SWLOR.Game.Server/Feature/ShipModuleDefinition/ShipArmorModuleDefinition.cs"
"ion_armor_2","Supplemental Ion Shielding I","Improves a ship's EM defense by 8.","Passive","Low","False","False","False","False","DefensiveModules:2","iit_smionarmor","SWLOR.Game.Server/Feature/ShipModuleDefinition/ShipArmorModuleDefinition.cs"
"ion_armor_3","Supplemental Ion Shielding II","Improves a ship's EM defense by 12.","Passive","Low","False","False","False","False","DefensiveModules:3","iit_smionarmor","SWLOR.Game.Server/Feature/ShipModuleDefinition/ShipArmorModuleDefinition.cs"
"ion_armor_4","Supplemental Ion Shielding III","Improves a ship's EM defense by 16.","Passive","Low","False","False","False","False","DefensiveModules:4","iit_smionarmor","SWLOR.Game.Server/Feature/ShipModuleDefinition/ShipArmorModuleDefinition.cs"
"ion_armor_5","Supplemental Ion Shielding IV","Improves a ship's EM defense by 20.","Passive","Low","False","False","False","False","DefensiveModules:5","iit_smionarmor","SWLOR.Game.Server/Feature/ShipModuleDefinition/ShipArmorModuleDefinition.cs"
"ion_cann_1","Ion Cannon I","Deals 30 EM DMG to your target. Deals reduced damage to unshielded targets, but imposes debuffs.","IonCannon","High","True","True","False","False","OffensiveModules:2","iit_smioncann","SWLOR.Game.Server/Feature/ShipModuleDefinition/IonCannonModuleDefinition.cs"
"ion_cann_2","Ion Cannon II","Deals 45 EM DMG to your target. Deals reduced damage to unshielded targets, but imposes debuffs.","IonCannon","High","True","True","False","False","OffensiveModules:3","iit_smioncann","SWLOR.Game.Server/Feature/ShipModuleDefinition/IonCannonModuleDefinition.cs"
"ion_cann_3","Ion Cannon III","Deals 60 EM DMG to your target. Deals reduced damage to unshielded targets, but imposes debuffs.","IonCannon","High","True","True","False","False","OffensiveModules:4","iit_smioncann","SWLOR.Game.Server/Feature/ShipModuleDefinition/IonCannonModuleDefinition.cs"
"ion_cann_4","Ion Cannon IV","Deals 75 EM DMG to your target. Deals reduced damage to unshielded targets, but imposes debuffs.","IonCannon","High","True","True","False","False","OffensiveModules:5","iit_smioncann","SWLOR.Game.Server/Feature/ShipModuleDefinition/IonCannonModuleDefinition.cs"
"ion_cann_b","Basic Ion Cannon","Deals 15 EM DMG to your target. Deals reduced damage to unshielded targets, but imposes debuffs.","IonCannon","High","True","True","False","False","OffensiveModules:1","iit_smioncann","SWLOR.Game.Server/Feature/ShipModuleDefinition/IonCannonModuleDefinition.cs"
"las_armor_1","Basic Mirrored Plating","Improves a ship's thermal defense by 4.","Passive","Low","False","False","False","False","DefensiveModules:1","iit_smmirrarmor","SWLOR.Game.Server/Feature/ShipModuleDefinition/ShipArmorModuleDefinition.cs"
"las_armor_2","Mirrored Plating I","Improves a ship's thermal defense by 8.","Passive","Low","False","False","False","False","DefensiveModules:2","iit_smmirrarmor","SWLOR.Game.Server/Feature/ShipModuleDefinition/ShipArmorModuleDefinition.cs"
"las_armor_3","Mirrored Plating II","Improves a ship's thermal defense by 12.","Passive","Low","False","False","False","False","DefensiveModules:3","iit_smmirrarmor","SWLOR.Game.Server/Feature/ShipModuleDefinition/ShipArmorModuleDefinition.cs"
"las_armor_4","Mirrored Plating III","Improves a ship's thermal defense by 16.","Passive","Low","False","False","False","False","DefensiveModules:4","iit_smmirrarmor","SWLOR.Game.Server/Feature/ShipModuleDefinition/ShipArmorModuleDefinition.cs"
"las_armor_5","Mirrored Plating IV","Improves a ship's thermal defense by 20.","Passive","Low","False","False","False","False","DefensiveModules:5","iit_smmirrarmor","SWLOR.Game.Server/Feature/ShipModuleDefinition/ShipArmorModuleDefinition.cs"
"lasbattery1","Laser Cannon Battery I","Fires at 75% of nearby targets for 30 DMG. Fires once every 2 seconds for 18 seconds.","LaserBattery","High","True","True","True","True","OffensiveModules:5","iit_smlasbattery","SWLOR.Game.Server/Feature/ShipModuleDefinition/LaserCannonBatteryModuleDefinition.cs"
"min_laser_1","Mining Laser I","Mines targets up to tier 2.","MiningLaser","High","True","True","False","False","MiningModules:2","iit_smminelaser","SWLOR.Game.Server/Feature/ShipModuleDefinition/MiningLaserModuleDefinition.cs"
"min_laser_2","Mining Laser II","Mines targets up to tier 3.","MiningLaser","High","True","True","False","False","MiningModules:3","iit_smminelaser","SWLOR.Game.Server/Feature/ShipModuleDefinition/MiningLaserModuleDefinition.cs"
"min_laser_3","Mining Laser III","Mines targets up to tier 4.","MiningLaser","High","True","True","False","False","MiningModules:4","iit_smminelaser","SWLOR.Game.Server/Feature/ShipModuleDefinition/MiningLaserModuleDefinition.cs"
"min_laser_4","Mining Laser IV","Mines targets up to tier 5.","MiningLaser","High","True","True","False","False","MiningModules:5","iit_smminelaser","SWLOR.Game.Server/Feature/ShipModuleDefinition/MiningLaserModuleDefinition.cs"
"min_laser_b","Basic Mining Laser","Mines targets up to tier 1.","MiningLaser","High","True","True","False","False","MiningModules:1","iit_smminelaser","SWLOR.Game.Server/Feature/ShipModuleDefinition/MiningLaserModuleDefinition.cs"
"msl_launch_1","Missile Launcher I","Requires a missile. Deals 24 explosive DMG to your target. Bonus damage on unshielded targets.","Missile","High","True","True","False","False","OffensiveModules:2","iit_smmsllaunch","SWLOR.Game.Server/Feature/ShipModuleDefinition/MissileLauncherModuleDefinition.cs"
"msl_launch_2","Missile Launcher II","Requires a missile. Deals 36 explosive DMG to your target. Bonus damage on unshielded targets.","Missile","High","True","True","False","False","OffensiveModules:3","iit_smmsllaunch","SWLOR.Game.Server/Feature/ShipModuleDefinition/MissileLauncherModuleDefinition.cs"
"msl_launch_3","Missile Launcher III","Requires a missile. Deals 48 explosive DMG  to your target. Bonus damage on unshielded targets.","Missile","High","True","True","False","False","OffensiveModules:4","iit_smmsllaunch","SWLOR.Game.Server/Feature/ShipModuleDefinition/MissileLauncherModuleDefinition.cs"
"msl_launch_4","Missile Launcher IV","Requires a missile. Deals 60 explosive DMG to your target. Bonus damage on unshielded targets.","Missile","High","True","True","False","False","OffensiveModules:5","iit_smmsllaunch","SWLOR.Game.Server/Feature/ShipModuleDefinition/MissileLauncherModuleDefinition.cs"
"msl_launch_b","Basic Missile Launcher","Requires a missile. Deals 12 explosive DMG to your target. Bonus damage on unshielded targets.","Missile","High","True","True","False","False","OffensiveModules:1","iit_smmsllaunch","SWLOR.Game.Server/Feature/ShipModuleDefinition/MissileLauncherModuleDefinition.cs"
"npc_cap1","Boss Conf 1","Provides several base stats to a ship to allow it to fulfill a role and operate at full capacity:
Armor: + 0 + Module Bonus x 10
Shield: + 0 + Module Bonus x 10
Thermal Attack: + 0 + Module Bonus x 2 +
Thermal Defense: + 20 + Module Bonus x 2
EM Attack: + 0 + Module Bonus x 2
EM Defense: + 15 + Module Bonus x 2
Explosive Attack: + 10 + Module Bonus x 2
Explosive Defense: + 10 + Module Bonus x 2
Accuracy: + 5 + Module Bonus x 2
Evasion: + 5 + Module Bonus x 2
Industrial Level: + 0 + Module Bonus x 2 (Industrial frames only)
Shield Recharge Rate Adjustment: - 0 - Module Bonus / 2 seconds per point adjustment.","Passive","Config","False","False","True","False","Starships:1","iit_smwarconfig","SWLOR.Game.Server/Feature/ShipModuleDefinition/ShipConfigurationModuleDefinition.cs"
"npc_cap2","Boss Conf 2","Provides several base stats to a ship to allow it to fulfill a role and operate at full capacity:
Armor: + 0 + Module Bonus x 10
Shield: + 0 + Module Bonus x 10
Thermal Attack: + 10 + Module Bonus x 2 +
Thermal Defense: + 50 + Module Bonus x 2
EM Attack: + 10 + Module Bonus x 2
EM Defense: + 37 + Module Bonus x 2
Explosive Attack: + 20 + Module Bonus x 2
Explosive Defense: + 5 + Module Bonus x 2
Accuracy: + 10 + Module Bonus x 2
Evasion: + 0 + Module Bonus x 2
Industrial Level: + 0 + Module Bonus x 2 (Industrial frames only)
Shield Recharge Rate Adjustment: - 0 - Module Bonus / 2 seconds per point adjustment.","Passive","Config","False","False","True","False","Starships:1","iit_smwarconfig","SWLOR.Game.Server/Feature/ShipModuleDefinition/ShipConfigurationModuleDefinition.cs"
"npc_cap3","Boss Conf 3","Provides several base stats to a ship to allow it to fulfill a role and operate at full capacity:
Armor: + 0 + Module Bonus x 10
Shield: + 0 + Module Bonus x 10
Thermal Attack: + 20 + Module Bonus x 2 +
Thermal Defense: + 100 + Module Bonus x 2
EM Attack: + 20 + Module Bonus x 2
EM Defense: + 75 + Module Bonus x 2
Explosive Attack: + 10 + Module Bonus x 2
Explosive Defense: + 50 + Module Bonus x 2
Accuracy: + 15 + Module Bonus x 2
Evasion: + 0 + Module Bonus x 2
Industrial Level: + 0 + Module Bonus x 2 (Industrial frames only)
Shield Recharge Rate Adjustment: - 0 - Module Bonus / 2 seconds per point adjustment.","Passive","Config","False","False","True","False","Starships:1","iit_smwarconfig","SWLOR.Game.Server/Feature/ShipModuleDefinition/ShipConfigurationModuleDefinition.cs"
"npc_cap4","Boss Conf 4","Provides several base stats to a ship to allow it to fulfill a role and operate at full capacity:
Armor: + 0 + Module Bonus x 10
Shield: + 0 + Module Bonus x 10
Thermal Attack: + 25 + Module Bonus x 2 +
Thermal Defense: + 150 + Module Bonus x 2
EM Attack: + 30 + Module Bonus x 2
EM Defense: + 100 + Module Bonus x 2
Explosive Attack: + 20 + Module Bonus x 2
Explosive Defense: + 75 + Module Bonus x 2
Accuracy: + 20 + Module Bonus x 2
Evasion: + 0 + Module Bonus x 2
Industrial Level: + 0 + Module Bonus x 2 (Industrial frames only)
Shield Recharge Rate Adjustment: - 0 - Module Bonus / 2 seconds per point adjustment.","Passive","Config","False","False","True","False","Starships:1","iit_smwarconfig","SWLOR.Game.Server/Feature/ShipModuleDefinition/ShipConfigurationModuleDefinition.cs"
"npc_cap5","Boss Conf 5","Provides several base stats to a ship to allow it to fulfill a role and operate at full capacity:
Armor: + 0 + Module Bonus x 10
Shield: + 0 + Module Bonus x 10
Thermal Attack: + 30 + Module Bonus x 2 +
Thermal Defense: + 250 + Module Bonus x 2
EM Attack: + 40 + Module Bonus x 2
EM Defense: + 175 + Module Bonus x 2
Explosive Attack: + 30 + Module Bonus x 2
Explosive Defense: + 125 + Module Bonus x 2
Accuracy: + 30 + Module Bonus x 2
Evasion: + 0 + Module Bonus x 2
Industrial Level: + 0 + Module Bonus x 2 (Industrial frames only)
Shield Recharge Rate Adjustment: - 0 - Module Bonus / 2 seconds per point adjustment.","Passive","Config","False","False","True","False","Starships:1","iit_smwarconfig","SWLOR.Game.Server/Feature/ShipModuleDefinition/ShipConfigurationModuleDefinition.cs"
"npc_hull_r1","NPC Hull Repairer I","Restores targeted or user ship's hull HP by 20","HullRepairer","High","True","True","False","True","DefensiveModules:0","iit_smhullrepair","SWLOR.Game.Server/Feature/ShipModuleDefinition/HullRepairerModuleDefinition.cs"
"npc_hull_r2","NPC Hull Repairer II","Restores targeted or user ship's hull HP by 25","HullRepairer","High","True","True","False","True","DefensiveModules:0","iit_smhullrepair","SWLOR.Game.Server/Feature/ShipModuleDefinition/HullRepairerModuleDefinition.cs"
"npc_hull_r3","NPC Hull Repairer III","Restores targeted or user ship's hull HP by 30","HullRepairer","High","True","True","False","True","DefensiveModules:0","iit_smhullrepair","SWLOR.Game.Server/Feature/ShipModuleDefinition/HullRepairerModuleDefinition.cs"
"npc_hull_r4","NPC Hull Repairer IV","Restores targeted or user ship's hull HP by 35","HullRepairer","High","True","True","False","True","DefensiveModules:0","iit_smhullrepair","SWLOR.Game.Server/Feature/ShipModuleDefinition/HullRepairerModuleDefinition.cs"
"npc_hull_r5","NPC Hull Repairer V","Restores targeted or user ship's hull HP by 40","HullRepairer","High","True","True","False","True","DefensiveModules:0","iit_smhullrepair","SWLOR.Game.Server/Feature/ShipModuleDefinition/HullRepairerModuleDefinition.cs"
"npc_quadlas1","Tier 1 Quad Laser","NPC Quad Lasers.","QuadLaser","High","True","True","True","False","OffensiveModules:5","iit_smquadlaser","SWLOR.Game.Server/Feature/ShipModuleDefinition/QuadLaserCannonModuleDefinition.cs"
"npc_quadlas10","Tier 10 Quad Laser","NPC Quad Lasers.","QuadLaser","High","True","True","True","False","OffensiveModules:5","iit_smquadlaser","SWLOR.Game.Server/Feature/ShipModuleDefinition/QuadLaserCannonModuleDefinition.cs"
"npc_quadlas11","Tier 11 Quad Laser","NPC Quad Lasers.","QuadLaser","High","True","True","True","False","OffensiveModules:5","iit_smquadlaser","SWLOR.Game.Server/Feature/ShipModuleDefinition/QuadLaserCannonModuleDefinition.cs"
"npc_quadlas12","Tier 12 Quad Laser","NPC Quad Lasers.","QuadLaser","High","True","True","True","False","OffensiveModules:5","iit_smquadlaser","SWLOR.Game.Server/Feature/ShipModuleDefinition/QuadLaserCannonModuleDefinition.cs"
"npc_quadlas2","Tier 2 Quad Laser","NPC Quad Lasers.","QuadLaser","High","True","True","True","False","OffensiveModules:5","iit_smquadlaser","SWLOR.Game.Server/Feature/ShipModuleDefinition/QuadLaserCannonModuleDefinition.cs"
"npc_quadlas3","Tier 3 Quad Laser","NPC Quad Lasers.","QuadLaser","High","True","True","True","False","OffensiveModules:5","iit_smquadlaser","SWLOR.Game.Server/Feature/ShipModuleDefinition/QuadLaserCannonModuleDefinition.cs"
"npc_quadlas4","Tier 4 Quad Laser","NPC Quad Lasers.","QuadLaser","High","True","True","True","False","OffensiveModules:5","iit_smquadlaser","SWLOR.Game.Server/Feature/ShipModuleDefinition/QuadLaserCannonModuleDefinition.cs"
"npc_quadlas5","Tier 5 Quad Laser","NPC Quad Lasers.","QuadLaser","High","True","True","True","False","OffensiveModules:5","iit_smquadlaser","SWLOR.Game.Server/Feature/ShipModuleDefinition/QuadLaserCannonModuleDefinition.cs"
"npc_quadlas6","Tier 6 Quad Laser","NPC Quad Lasers.","QuadLaser","High","True","True","True","False","OffensiveModules:5","iit_smquadlaser","SWLOR.Game.Server/Feature/ShipModuleDefinition/QuadLaserCannonModuleDefinition.cs"
"npc_quadlas7","Tier 7 Quad Laser","NPC Quad Lasers.","QuadLaser","High","True","True","True","False","OffensiveModules:5","iit_smquadlaser","SWLOR.Game.Server/Feature/ShipModuleDefinition/QuadLaserCannonModuleDefinition.cs"
"npc_quadlas8","Tier 8 Quad Laser","NPC Quad Lasers.","QuadLaser","High","True","True","True","False","OffensiveModules:5","iit_smquadlaser","SWLOR.Game.Server/Feature/ShipModuleDefinition/QuadLaserCannonModuleDefinition.cs"
"npc_quadlas9","Tier 9 Quad Laser","NPC Quad Lasers.","QuadLaser","High","True","True","True","False","OffensiveModules:5","iit_smquadlaser","SWLOR.Game.Server/Feature/ShipModuleDefinition/QuadLaserCannonModuleDefinition.cs"
"npc_shld_r_1","NPC Shield Repairer I","Restores targeted or user ship's shield HP by 10.","ShieldRepairer","High","True","True","False","True","DefensiveModules:0","iit_smshldrepair","SWLOR.Game.Server/Feature/ShipModuleDefinition/ShieldRepairerModuleDefinition.cs"
"npc_shld_r_2","NPC Shield Repairer II","Restores targeted or user ship's shield HP by 15.","ShieldRepairer","High","True","True","False","True","DefensiveModules:0","iit_smshldrepair","SWLOR.Game.Server/Feature/ShipModuleDefinition/ShieldRepairerModuleDefinition.cs"
"npc_shld_r_3","NPC Shield Repairer III","Restores targeted or user ship's shield HP by 20.","ShieldRepairer","High","True","True","False","True","DefensiveModules:0","iit_smshldrepair","SWLOR.Game.Server/Feature/ShipModuleDefinition/ShieldRepairerModuleDefinition.cs"
"npc_shld_r_4","NPC Shield Repairer IV","Restores targeted or user ship's shield HP by 25.","ShieldRepairer","High","True","True","False","True","DefensiveModules:0","iit_smshldrepair","SWLOR.Game.Server/Feature/ShipModuleDefinition/ShieldRepairerModuleDefinition.cs"
"npc_shld_r_5","NPC Shield Repairer V","Restores targeted or user ship's shield HP by 30.","ShieldRepairer","High","True","True","False","True","DefensiveModules:0","iit_smshldrepair","SWLOR.Game.Server/Feature/ShipModuleDefinition/ShieldRepairerModuleDefinition.cs"
"npcautolas1","NPC Laser Cannon Battery 1","Fires at 75% of nearby targets. Fires once every 2 seconds for 18 seconds.","LaserBattery","High","True","True","True","True","OffensiveModules:5","iit_smlasbattery","SWLOR.Game.Server/Feature/ShipModuleDefinition/LaserCannonBatteryModuleDefinition.cs"
"npcautolas10","NPC Laser Cannon Battery 10","Fires at 75% of nearby targets. Fires once every 2 seconds for 18 seconds.","LaserBattery","High","True","True","True","True","OffensiveModules:5","iit_smlasbattery","SWLOR.Game.Server/Feature/ShipModuleDefinition/LaserCannonBatteryModuleDefinition.cs"
"npcautolas11","NPC Laser Cannon Battery 11","Fires at 75% of nearby targets. Fires once every 2 seconds for 18 seconds.","LaserBattery","High","True","True","True","True","OffensiveModules:5","iit_smlasbattery","SWLOR.Game.Server/Feature/ShipModuleDefinition/LaserCannonBatteryModuleDefinition.cs"
"npcautolas12","NPC Laser Cannon Battery 12","Fires at 75% of nearby targets. Fires once every 2 seconds for 18 seconds.","LaserBattery","High","True","True","True","True","OffensiveModules:5","iit_smlasbattery","SWLOR.Game.Server/Feature/ShipModuleDefinition/LaserCannonBatteryModuleDefinition.cs"
"npcautolas2","NPC Laser Cannon Battery 2","Fires at 75% of nearby targets. Fires once every 2 seconds for 18 seconds.","LaserBattery","High","True","True","True","True","OffensiveModules:5","iit_smlasbattery","SWLOR.Game.Server/Feature/ShipModuleDefinition/LaserCannonBatteryModuleDefinition.cs"
"npcautolas3","NPC Laser Cannon Battery 3","Fires at 75% of nearby targets. Fires once every 2 seconds for 18 seconds.","LaserBattery","High","True","True","True","True","OffensiveModules:5","iit_smlasbattery","SWLOR.Game.Server/Feature/ShipModuleDefinition/LaserCannonBatteryModuleDefinition.cs"
"npcautolas4","NPC Laser Cannon Battery 4","Fires at 75% of nearby targets. Fires once every 2 seconds for 18 seconds.","LaserBattery","High","True","True","True","True","OffensiveModules:5","iit_smlasbattery","SWLOR.Game.Server/Feature/ShipModuleDefinition/LaserCannonBatteryModuleDefinition.cs"
"npcautolas5","NPC Laser Cannon Battery 5","Fires at 75% of nearby targets. Fires once every 2 seconds for 18 seconds.","LaserBattery","High","True","True","True","True","OffensiveModules:5","iit_smlasbattery","SWLOR.Game.Server/Feature/ShipModuleDefinition/LaserCannonBatteryModuleDefinition.cs"
"npcautolas6","NPC Laser Cannon Battery 6","Fires at 75% of nearby targets. Fires once every 2 seconds for 18 seconds.","LaserBattery","High","True","True","True","True","OffensiveModules:5","iit_smlasbattery","SWLOR.Game.Server/Feature/ShipModuleDefinition/LaserCannonBatteryModuleDefinition.cs"
"npcautolas7","NPC Laser Cannon Battery 7","Fires at 75% of nearby targets. Fires once every 2 seconds for 18 seconds.","LaserBattery","High","True","True","True","True","OffensiveModules:5","iit_smlasbattery","SWLOR.Game.Server/Feature/ShipModuleDefinition/LaserCannonBatteryModuleDefinition.cs"
"npcautolas8","NPC Laser Cannon Battery 8","Fires at 75% of nearby targets. Fires once every 2 seconds for 18 seconds.","LaserBattery","High","True","True","True","True","OffensiveModules:5","iit_smlasbattery","SWLOR.Game.Server/Feature/ShipModuleDefinition/LaserCannonBatteryModuleDefinition.cs"
"npcautolas9","NPC Laser Cannon Battery 9","Fires at 75% of nearby targets. Fires once every 2 seconds for 18 seconds.","LaserBattery","High","True","True","True","True","OffensiveModules:5","iit_smlasbattery","SWLOR.Game.Server/Feature/ShipModuleDefinition/LaserCannonBatteryModuleDefinition.cs"
"protbomblnch","Proton Bomb Launcher","Requires a proton bomb. Can only target capital ships. Deals 120 DMG to target, bypassing shields.","ProtonBomb","High","True","True","False","False","OffensiveModules:5","iit_smbomblaunch","SWLOR.Game.Server/Feature/ShipModuleDefinition/ProtonBombModuleDefinition.cs"
"repairfield","Repair Field Generator","A suite of welding lasers and other advanced devices serves to repair hull.","RepairFieldGenerator","High","True","True","True","True","","iit_smrepfield","SWLOR.Game.Server/Feature/ShipModuleDefinition/RepairFieldGeneratorModuleDefinition.cs"
"shld_boost_1","Shield Booster I","Improves a ship's maximum shields by 16.","Passive","Low","False","False","False","False","DefensiveModules:2","iit_smshldboost","SWLOR.Game.Server/Feature/ShipModuleDefinition/ShieldBoosterModuleDefinition.cs"
"shld_boost_2","Shield Booster II","Improves a ship's maximum shields by 24.","Passive","Low","False","False","False","False","DefensiveModules:3","iit_smshldboost","SWLOR.Game.Server/Feature/ShipModuleDefinition/ShieldBoosterModuleDefinition.cs"
"shld_boost_3","Shield Booster III","Improves a ship's maximum shields by 32.","Passive","Low","False","False","False","False","DefensiveModules:4","iit_smshldboost","SWLOR.Game.Server/Feature/ShipModuleDefinition/ShieldBoosterModuleDefinition.cs"
"shld_boost_4","Shield Booster IV","Improves a ship's maximum shields by 40.","Passive","Low","False","False","False","False","DefensiveModules:5","iit_smshldboost","SWLOR.Game.Server/Feature/ShipModuleDefinition/ShieldBoosterModuleDefinition.cs"
"shld_boost_b","Basic Shield Booster","Improves a ship's maximum shields by 8.","Passive","Low","False","False","False","False","DefensiveModules:1","iit_smshldboost","SWLOR.Game.Server/Feature/ShipModuleDefinition/ShieldBoosterModuleDefinition.cs"
"shld_rep_1","Shield Repairer I","Restores targeted or user ship's shield HP by 14.","ShieldRepairer","High","True","True","False","True","DefensiveModules:2","iit_smshldrepair","SWLOR.Game.Server/Feature/ShipModuleDefinition/ShieldRepairerModuleDefinition.cs"
"shld_rep_2","Shield Repairer II","Restores targeted or user ship's shield HP by 21.","ShieldRepairer","High","True","True","False","True","DefensiveModules:3","iit_smshldrepair","SWLOR.Game.Server/Feature/ShipModuleDefinition/ShieldRepairerModuleDefinition.cs"
"shld_rep_3","Shield Repairer III","Restores targeted or user ship's shield HP by 28.","ShieldRepairer","High","True","True","False","True","DefensiveModules:4","iit_smshldrepair","SWLOR.Game.Server/Feature/ShipModuleDefinition/ShieldRepairerModuleDefinition.cs"
"shld_rep_4","Shield Repairer IV","Restores targeted or user ship's shield HP by 35.","ShieldRepairer","High","True","True","False","True","DefensiveModules:5","iit_smshldrepair","SWLOR.Game.Server/Feature/ShipModuleDefinition/ShieldRepairerModuleDefinition.cs"
"shld_rep_b","Basic Shield Repairer","Restores targeted or user ship's shield HP by 7.","ShieldRepairer","High","True","True","False","True","DefensiveModules:1","iit_smshldrepair","SWLOR.Game.Server/Feature/ShipModuleDefinition/ShieldRepairerModuleDefinition.cs"
"storm_cann","Storm Cannon","A stream of high energy particles deals 140 Damage over 1 second. Deals reduced damage to unshielded targets, but imposes debuffs.","IonCannon","High","True","True","True","False","OffensiveModules:5","iit_smstormcann","SWLOR.Game.Server/Feature/ShipModuleDefinition/StormCannonModuleDefinition.cs"
"tgt_sys_1","Targeting System I","Improves a ship's accuracy by 4.","Passive","Low","False","False","False","False","DefensiveModules:2","iit_smtgtsystem","SWLOR.Game.Server/Feature/ShipModuleDefinition/TargetingSystemModuleDefinition.cs"
"tgt_sys_2","Targeting System II","Improves a ship's accuracy by 6.","Passive","Low","False","False","False","False","DefensiveModules:3","iit_smtgtsystem","SWLOR.Game.Server/Feature/ShipModuleDefinition/TargetingSystemModuleDefinition.cs"
"tgt_sys_3","Targeting System III","Improves a ship's accuracy by 8.","Passive","Low","False","False","False","False","DefensiveModules:4","iit_smtgtsystem","SWLOR.Game.Server/Feature/ShipModuleDefinition/TargetingSystemModuleDefinition.cs"
"tgt_sys_4","Targeting System IV","Improves a ship's accuracy by 10.","Passive","Low","False","False","False","False","DefensiveModules:5","iit_smtgtsystem","SWLOR.Game.Server/Feature/ShipModuleDefinition/TargetingSystemModuleDefinition.cs"
"tgt_sys_b","Basic Targeting System","Improves a ship's accuracy by 2.","Passive","Low","False","False","False","False","DefensiveModules:1","iit_smtgtsystem","SWLOR.Game.Server/Feature/ShipModuleDefinition/TargetingSystemModuleDefinition.cs"
"therm_amp_1","Thermal Amplifier I","Improves a ship's thermal attack by 4.","Passive","Low","False","False","False","False","OffensiveModules:2","iit_smthermamp","SWLOR.Game.Server/Feature/ShipModuleDefinition/DamageAmplifierModuleDefinition.cs"
"therm_amp_2","Thermal Amplifier II","Improves a ship's thermal attack by 6.","Passive","Low","False","False","False","False","OffensiveModules:3","iit_smthermamp","SWLOR.Game.Server/Feature/ShipModuleDefinition/DamageAmplifierModuleDefinition.cs"
"therm_amp_3","Thermal Amplifier III","Improves a ship's thermal attack by 8.","Passive","Low","False","False","False","False","OffensiveModules:4","iit_smthermamp","SWLOR.Game.Server/Feature/ShipModuleDefinition/DamageAmplifierModuleDefinition.cs"
"therm_amp_4","Thermal Amplifier IV","Improves a ship's thermal attack by 10.","Passive","Low","False","False","False","False","OffensiveModules:5","iit_smthermamp","SWLOR.Game.Server/Feature/ShipModuleDefinition/DamageAmplifierModuleDefinition.cs"
"therm_amp_b","Basic Thermal Amplifier","Improves a ship's thermal attack by 2.","Passive","Low","False","False","False","False","OffensiveModules:1","iit_smthermamp","SWLOR.Game.Server/Feature/ShipModuleDefinition/DamageAmplifierModuleDefinition.cs"
"turbolas1","Heavy Turbolaser Cannon","Deals 90 thermal DMG to your target. Designed to target capital ships, it struggles against subcapital ships and suffers a -25% hit chance against them.","TurboLaser","High","True","True","True","True","OffensiveModules:5","iit_smturbolas","SWLOR.Game.Server/Feature/ShipModuleDefinition/TurboLaserModuleDefinition.cs"
"turbolas2","Dual Turbolaser Cannon","Deals 75 thermal DMG to your target, firing twice over two seconds. Designed to target capital ships, it struggles against subcapital ships and suffers a -25% hit chance against them.","TurboLaser","High","True","True","True","True","OffensiveModules:5","iit_smturbolas","SWLOR.Game.Server/Feature/ShipModuleDefinition/TurboLaserModuleDefinition.cs"
"turbolas3","Quad Turbolaser Cannon","Deals 65 thermal DMG to your target, firing four times over four seconds. Designed to target capital ships, it struggles against subcapital ships and suffers a -25% hit chance against them.","TurboLaser","High","True","True","True","True","OffensiveModules:5","iit_smturbolas","SWLOR.Game.Server/Feature/ShipModuleDefinition/TurboLaserModuleDefinition.cs"
